data;

param n := 100;
param k := 100;
param Q := 200;
param M := 1469.0;

param demand :=
1 20
2 20
3 10
4 20
5 10
6 10
7 20
8 10
9 10
10 30
11 10
12 20
13 20
14 30
15 20
16 10
17 20
18 30
19 20
20 30
21 10
22 20
23 20
24 20
25 10
26 40
27 20
28 20
29 10
30 20
31 10
32 10
33 10
34 30
35 20
36 20
37 10
38 10
39 10
40 20
41 10
42 20
43 20
44 20
45 40
46 10
47 10
48 20
49 20
50 20
51 20
52 10
53 20
54 20
55 30
56 30
57 10
58 40
59 20
60 30
61 20
62 20
63 20
64 40
65 20
66 20
67 10
68 10
69 20
70 10
71 10
72 10
73 20
74 30
75 20
76 10
77 20
78 10
79 10
80 10
81 20
82 20
83 10
84 10
85 30
86 20
87 10
88 10
89 20
90 20
91 20
92 20
93 20
94 20
95 20
96 20
97 20
98 10
99 30
100 10
;

param earliest_time :=
1 306.0
2 562.0
3 253.0
4 672.0
5 358.0
6 233.0
7 163.0
8 913.0
9 91.0
10 106.0
11 1115.0
12 629.0
13 39.0
14 626.0
15 470.0
16 286.0
17 551.0
18 163.0
19 245.0
20 119.0
21 306.0
22 412.0
23 582.0
24 939.0
25 575.0
26 569.0
27 722.0
28 53.0
29 197.0
30 390.0
31 159.0
32 837.0
33 464.0
34 569.0
35 471.0
36 369.0
37 701.0
38 468.0
39 635.0
40 698.0
41 661.0
42 116.0
43 1200.0
44 174.0
45 238.0
46 874.0
47 118.0
48 669.0
49 386.0
50 274.0
51 135.0
52 176.0
53 452.0
54 835.0
55 381.0
56 649.0
57 201.0
58 428.0
59 12.0
60 307.0
61 104.0
62 803.0
63 252.0
64 901.0
65 383.0
66 797.0
67 530.0
68 214.0
69 155.0
70 996.0
71 188.0
72 368.0
73 383.0
74 566.0
75 194.0
76 111.0
77 569.0
78 559.0
79 563.0
80 926.0
81 1026.0
82 694.0
83 944.0
84 396.0
85 960.0
86 51.0
87 276.0
88 83.0
89 629.0
90 53.0
91 520.0
92 623.0
93 746.0
94 507.0
95 601.0
96 519.0
97 743.0
98 326.0
99 403.0
100 811.0
;

param latest_time :=
0 1496.0
1 355.0
2 629.0
3 319.0
4 732.0
5 414.0
6 297.0
7 210.0
8 974.0
9 155.0
10 155.0
11 1184.0
12 696.0
13 100.0
14 680.0
15 537.0
16 353.0
17 633.0
18 233.0
19 299.0
20 180.0
21 370.0
22 485.0
23 655.0
24 988.0
25 629.0
26 626.0
27 775.0
28 107.0
29 265.0
30 457.0
31 211.0
32 921.0
33 527.0
34 624.0
35 519.0
36 422.0
37 769.0
38 542.0
39 698.0
40 776.0
41 731.0
42 156.0
43 1260.0
44 222.0
45 294.0
46 927.0
47 175.0
48 755.0
49 442.0
50 335.0
51 186.0
52 255.0
53 505.0
54 878.0
55 442.0
56 707.0
57 249.0
58 494.0
59 81.0
60 366.0
61 153.0
62 863.0
63 305.0
64 949.0
65 438.0
66 864.0
67 604.0
68 262.0
69 231.0
70 1059.0
71 260.0
72 426.0
73 446.0
74 634.0
75 243.0
76 167.0
77 632.0
78 626.0
79 639.0
80 978.0
81 1075.0
82 752.0
83 992.0
84 446.0
85 1031.0
86 120.0
87 334.0
88 151.0
89 697.0
90 131.0
91 579.0
92 687.0
93 806.0
94 580.0
95 674.0
96 577.0
97 823.0
98 377.0
99 461.0
100 863.0
;

param service_time :=
0 0.0
1 90.0
2 90.0
3 90.0
4 90.0
5 90.0
6 90.0
7 90.0
8 90.0
9 90.0
10 90.0
11 90.0
12 90.0
13 90.0
14 90.0
15 90.0
16 90.0
17 90.0
18 90.0
19 90.0
20 90.0
21 90.0
22 90.0
23 90.0
24 90.0
25 90.0
26 90.0
27 90.0
28 90.0
29 90.0
30 90.0
31 90.0
32 90.0
33 90.0
34 90.0
35 90.0
36 90.0
37 90.0
38 90.0
39 90.0
40 90.0
41 90.0
42 90.0
43 90.0
44 90.0
45 90.0
46 90.0
47 90.0
48 90.0
49 90.0
50 90.0
51 90.0
52 90.0
53 90.0
54 90.0
55 90.0
56 90.0
57 90.0
58 90.0
59 90.0
60 90.0
61 90.0
62 90.0
63 90.0
64 90.0
65 90.0
66 90.0
67 90.0
68 90.0
69 90.0
70 90.0
71 90.0
72 90.0
73 90.0
74 90.0
75 90.0
76 90.0
77 90.0
78 90.0
79 90.0
80 90.0
81 90.0
82 90.0
83 90.0
84 90.0
85 90.0
86 90.0
87 90.0
88 90.0
89 90.0
90 90.0
91 90.0
92 90.0
93 90.0
94 90.0
95 90.0
96 90.0
97 90.0
98 90.0
99 90.0
100 90.0
;

param cost :=
0 1 143.92359083902818
0 2 104.04326023342406
0 3 104.89041900955492
0 4 64.28063471995279
0 5 113.75851616472501
0 6 175.41379649275024
0 7 163.51758315239374
0 8 98.49365461794989
0 9 91.7877987534291
0 10 40.26164427839479
0 11 117.41379816699569
0 12 120.24142381059865
0 13 39.6232255123179
0 14 86.1278120005379
0 15 141.77799547179387
0 16 136.48809471891678
0 17 47.75981574503821
0 18 15.811388300841896
0 19 91.80958555619343
0 20 119.6703806294607
0 21 61.0
0 22 176.91806012954132
0 23 56.08029957123981
0 24 122.34786471369249
0 25 138.4088147481944
0 26 141.12760183606892
0 27 81.60882305241266
0 28 53.33854141237835
0 29 135.94851966829208
0 30 57.28001396647874
0 31 93.94147114027967
0 32 136.7040599250805
0 33 34.36568055487916
0 34 35.22782990761707
0 35 125.32358118087753
0 36 31.064449134018133
0 37 82.56512580987206
0 38 35.608987629529715
0 39 121.03718436910205
0 40 89.96110270555825
0 41 141.76741515595182
0 42 116.21101496846157
0 43 119.20570456148481
0 44 108.18964830333815
0 45 86.35392289873113
0 46 146.10954794263105
0 47 54.56189146281496
0 48 152.2694979304785
0 49 140.03213916812098
0 50 31.622776601683793
0 51 135.07405376311175
0 52 125.49501982150527
0 53 116.21101496846157
0 54 103.32473082471591
0 55 37.53664875824692
0 56 32.55764119219941
0 57 135.00370365289984
0 58 89.27485648266257
0 59 12.206555615733702
0 60 58.60034129593445
0 61 38.62641583165593
0 62 81.6333265278342
0 63 94.51454914456292
0 64 79.1012010022604
0 65 138.19551367537227
0 66 83.09632964216891
0 67 106.53168542738823
0 68 55.97320787662612
0 69 102.44998779892558
0 70 104.00480758118829
0 71 35.17101079013795
0 72 122.10241602851272
0 73 144.00347218036097
0 74 137.43725841270262
0 75 34.0
0 76 48.83646178829912
0 77 36.49657518178932
0 78 128.89142717807107
0 79 141.9929575718458
0 80 124.4869471069156
0 81 125.2078272313676
0 82 166.96406799069075
0 83 137.37903770226373
0 84 144.4714504668656
0 85 141.6756859873987
0 86 51.62363799656123
0 87 122.03687967167957
0 88 83.72574275573791
0 89 107.89810007595129
0 90 53.23532661682466
0 91 169.7115199389835
0 92 89.08984229416954
0 93 117.27318534089538
0 94 181.10770276274835
0 95 181.289823211343
0 96 82.46211251235322
0 97 143.4015341619468
0 98 81.32035415564789
0 99 57.271284253105414
0 100 90.0222194794152
1 0 143.92359083902818
1 2 144.55794685869054
1 3 212.46176126540982
1 4 203.00246303924493
1 5 117.64777940955791
1 6 72.99315036357864
1 7 78.0
1 8 70.60453243241541
1 9 91.48223871331527
1 10 171.1286066091815
1 11 144.22205101855957
1 12 53.85164807134504
1 13 157.20050890502867
1 14 158.4929020492716
1 15 193.35201059208046
1 16 280.40149785619906
1 17 179.44637081869334
1 18 141.4213562373095
1 19 155.92626462530293
1 20 141.98943622678414
1 21 144.08677940741129
1 22 76.11832893594026
1 23 154.8967397978408
1 24 147.05441169852742
1 25 241.40629652103112
1 26 61.5223536610881
1 27 158.67577004697347
1 28 192.3460423299632
1 29 236.7530358833863
1 30 132.24598292575845
1 31 93.30058949438637
1 32 103.12128781197411
1 33 129.71121771072848
1 34 109.73149046650191
1 35 64.4980619863884
1 36 152.7776161615307
1 37 111.61093136427094
1 38 110.06361796706484
1 39 119.36498649101419
1 40 105.19030373565806
1 41 242.98971171636055
1 42 152.7121475194426
1 43 223.32935319836486
1 44 59.80802621722272
1 45 111.64676439557037
1 46 8.602325267042627
1 47 198.40614909825754
1 48 150.65191668213185
1 49 58.42088667591412
1 50 153.7595525487766
1 51 278.9283062007153
1 52 46.61544808322666
1 53 116.84605256490268
1 54 241.59884105682295
1 55 109.20164833920778
1 56 129.0658746532173
1 57 154.3502510525979
1 58 65.11528238439882
1 59 137.7425134081704
1 60 202.47468977627796
1 61 105.30906893520614
1 62 154.6156525064652
1 63 90.13878188659973
1 64 74.27651041883968
1 65 191.2694434560837
1 66 71.42128534267638
1 67 248.94376875109768
1 68 129.40247292845683
1 69 73.38937252763509
1 70 209.6115454835444
1 71 109.16501271011697
1 72 224.43930137121706
1 73 160.86329600005092
1 74 187.0320828093405
1 75 134.6476884316994
1 76 161.19863522995473
1 77 108.67382389517726
1 78 246.0995733437992
1 79 282.630500831032
1 80 229.73245308401684
1 81 52.20153254455275
1 82 207.6174366473105
1 83 182.49657531033287
1 84 1.4142135623730951
1 85 9.055385138137417
1 86 132.27622613304328
1 87 223.21514285549716
1 88 66.60330322138685
1 89 241.60298011407062
1 90 148.55302083767936
1 91 307.37599125501004
1 92 193.33132182861627
1 93 65.0
1 94 77.52418977325722
1 95 80.89499366462674
1 96 115.73245007343446
1 97 284.00352110493276
1 98 205.0
1 99 145.00344823486094
1 100 195.41238445912276
2 0 104.04326023342406
2 1 144.55794685869054
2 3 83.6719785830358
2 4 115.43396380615195
2 5 32.55764119219941
2 6 126.11502686040232
2 7 108.4665847162157
2 8 74.32361670424818
2 9 53.665631459994955
2 10 143.17122615944868
2 11 204.86336910243372
2 12 92.41753080449618
2 13 143.34922392534952
2 14 29.0
2 15 239.841614404173
2 16 197.71696942852427
2 17 149.56603892595405
2 18 117.61377470347595
2 19 188.6001060445089
2 20 205.71825392998065
2 21 44.721359549995796
2 22 125.7179382586272
2 23 157.83535725559088
2 24 209.76653689280377
2 25 104.08650248711405
2 26 181.20706387997132
2 27 33.421549934136806
2 28 110.01818031580054
2 29 98.85848471426213
2 30 150.57224179774968
2 31 51.478150704935004
2 32 200.66140635408692
2 33 70.45565981523414
2 34 89.88882021697692
2 35 170.74249617479535
2 36 79.2464510246358
2 37 36.796738985948195
2 38 87.66413177577246
2 39 36.40054944640259
2 40 164.63899902513984
2 41 104.58011283222064
2 42 12.649110640673518
2 43 223.03587155433092
2 44 84.75848040166836
2 45 165.12419568312816
2 46 151.71354586852158
2 47 136.01470508735443
2 48 233.42022191746798
2 49 178.60011198204776
2 50 79.42921376924235
2 51 194.6175737183053
2 52 100.43903623591775
2 53 34.92849839314596
2 54 192.06509313251067
2 55 84.86459803710851
2 56 72.56031973468694
2 57 31.25699921617557
2 58 133.6899397860587
2 59 111.75866856758807
2 60 138.351002887583
2 61 98.08669634563088
2 62 179.7247896090019
2 63 54.62600113499065
2 64 129.3213052826177
2 65 236.40008460235373
2 66 131.89389675038038
2 67 159.02201105507376
2 68 148.00675660252813
2 69 71.16881339463234
2 70 80.11242100947892
2 71 101.95096860746347
2 72 226.00884938426637
2 73 40.049968789001575
2 74 234.68276459936294
2 75 70.06425622241343
2 76 152.47294842036735
2 77 105.47511554864494
2 78 117.74548823628021
2 79 221.94819215303377
2 80 228.1403077055872
2 81 95.70788891204319
2 82 263.73471519691907
2 83 233.37951923851415
2 84 145.8389522727039
2 85 148.77163708180402
2 86 145.60219778561037
2 87 226.0
2 88 126.66885963013956
2 89 201.52667317256046
2 90 153.57408635573907
2 91 253.1422524984717
2 92 193.12690128513947
2 93 164.14627622946554
2 94 130.04999038831184
2 95 127.81627439414747
2 96 33.24154027718932
2 97 223.3047245357787
2 98 183.09560344257315
2 99 48.83646178829912
2 100 194.06442229321684
3 0 104.89041900955492
3 1 212.46176126540982
3 2 83.6719785830358
3 4 64.76109943476871
3 5 115.52056094046635
3 6 208.24024587000469
3 7 191.01832372837953
3 8 144.08677940741129
3 9 124.4869471069156
3 10 128.16005617976296
3 11 222.25210910135362
3 12 166.5893153836704
3 13 138.05795884337854
3 14 57.723478758647246
3 15 242.40668307618913
3 16 128.3160161476345
3 17 130.24976007655445
3 18 120.28299963003916
3 19 194.82556300444764
3 20 224.5551157288562
3 21 68.59300255857006
3 22 208.13937638034758
3 23 156.97452022541748
3 24 227.16733920174352
3 25 33.60059523282288
3 26 232.43278598338918
3 27 55.731499172371095
3 28 68.15423684555495
3 29 31.11269837220809
3 30 162.1141573089778
3 31 123.79418403139947
3 32 237.77720664521232
3 33 91.0
3 34 118.59595271340417
3 35 218.40329667841556
3 36 75.45197147855052
3 37 103.4842983258813
3 38 116.86744627996283
3 39 120.01666550941998
3 40 192.7615106809448
3 41 36.87817782917155
3 42 85.98255637046388
3 43 201.3156725145859
3 44 156.1569723067145
3 45 190.06577808748213
3 46 218.01376103356412
3 47 97.71898484941399
3 48 257.0992026436488
3 49 230.53199344125753
3 50 74.63243262818116
3 51 124.61540835707277
3 52 174.4849563716024
3 53 118.10588469674151
3 54 145.27904184706065
3 55 115.69356075426151
3 56 92.70382947861431
3 57 103.71113729971339
3 58 179.075403112767
3 59 117.0341830406826
3 60 97.52948272189288
3 61 127.47548783981962
3 62 184.2878183711555
3 63 126.66885963013956
3 64 170.84788555905513
3 65 238.8053600738476
3 66 174.55371666051687
3 67 90.80198235721508
3 68 160.86329600005092
3 69 143.42245291445826
3 70 3.605551275463989
3 71 127.94139283281233
3 72 204.83407919582132
3 73 108.2081327812286
3 74 238.8242031285774
3 75 86.4060183089118
3 76 146.40013661195812
3 77 131.12589370524802
3 78 34.713109915419565
3 79 162.78820596099706
3 80 204.62893246068603
3 81 170.84788555905513
3 82 268.00186566514793
3 83 239.57671005337727
3 84 213.52751579129094
3 85 214.23818520515897
3 86 156.46405337968207
3 87 205.56507485465522
3 88 172.06975329789952
3 89 159.02201105507376
3 90 155.79473675320358
3 91 194.164878389476
3 92 178.4740877550576
3 93 210.58252539087852
3 94 212.55117030964567
3 95 210.6086417980041
3 96 99.60923651951158
3 97 163.95731151735808
3 98 157.30543537970962
3 99 68.24954212300622
3 100 178.4432682955566
4 0 64.28063471995279
4 1 203.00246303924493
4 2 115.43396380615195
4 3 64.76109943476871
4 5 139.51702405083043
4 6 221.05655384991417
4 7 206.22802913280242
4 8 145.82523787054146
4 9 131.7459676802292
4 10 70.2922470831599
4 11 172.53985046939155
4 12 169.49926253526885
4 13 84.05950273467003
4 14 87.23531395025755
4 15 184.5670609832643
4 16 84.29116205154607
4 17 70.03570517957252
4 18 75.43208866258443
4 19 141.01418368376991
4 20 175.5135322418189
4 21 75.66372975210778
4 22 221.8828519737386
4 23 102.90286682109493
4 24 177.15812146215595
4 25 93.02150289046077
4 26 205.35091916034852
4 27 82.365041127896
4 28 11.0
4 29 92.70382947861431
4 30 114.63420083029322
4 31 132.6386067478093
4 32 199.44924166313595
4 33 74.46475676452586
4 34 94.04786015641186
4 35 189.59430371189953
4 36 51.07837115648854
4 37 114.33722053644648
4 38 93.38094023943002
4 39 146.102703602637
4 40 152.2005256232711
4 41 97.04638066409278
4 42 123.89108119634763
4 43 137.38267721950973
4 44 157.41982086128797
4 45 147.6787053031005
4 46 206.32013958894075
4 47 33.54101966249684
4 48 209.02152999152983
4 49 204.1984329028996
4 50 50.15974481593781
4 51 81.68843247363729
4 52 176.22996340009834
4 53 142.3411395205195
4 54 82.21921916437786
4 55 93.94147114027967
4 56 74.67261881037788
4 57 144.4506836259351
4 58 153.00326793895613
4 59 75.13321502504735
4 60 32.89376840679705
4 61 100.31948963187563
4 62 130.43005788544295
4 63 134.52509059651288
4 64 143.01398533010678
4 65 181.02486017119307
4 66 147.0136048126159
4 67 47.50789408087881
4 68 114.38968484964018
4 69 147.85127662620977
4 70 66.09841147864296
4 71 98.04590761474952
4 72 140.9432509913121
4 73 151.7003625572464
4 74 181.76083186429358
4 75 69.85699678629192
4 76 90.80198235721508
4 77 100.0
4 78 74.41102068914255
4 79 106.92988356862641
4 80 140.38874598770374
4 81 174.42763542512407
4 82 210.06903627141244
4 83 183.3712082089225
4 84 203.73512215619573
4 85 202.0
4 86 109.38464243210744
4 87 141.79210133149166
4 88 147.08500943332058
4 89 95.04735661763561
4 90 103.58571330062848
4 91 138.3979768638256
4 92 116.8289347721702
4 93 181.54062906137568
4 94 226.3183598385248
4 95 225.53491969094276
4 96 111.94641575325224
4 97 108.25894882179486
4 98 93.47192091746055
4 99 72.13875518748573
4 100 116.49892703368559
5 0 113.75851616472501
5 1 117.64777940955791
5 2 32.55764119219941
5 3 115.52056094046635
5 4 139.51702405083043
5 6 93.55746896961247
5 7 75.92759709091287
5 8 50.91168824543142
5 9 34.0
5 10 154.0194792875239
5 11 199.04019694524018
5 12 63.97655820689325
5 13 150.6154042586614
5 14 58.59180830116101
5 15 238.72997298202839
5 16 223.46364357541475
5 17 161.40012391568973
5 18 124.61540835707277
5 19 188.1754500459611
5 20 199.24858845171275
5 21 64.03124237432849
5 22 93.17188417113823
5 23 162.19741058352318
5 24 203.73021376320204
5 25 136.6235704408284
5 26 161.24515496597098
5 27 61.91122676865643
5 28 132.43866504914644
5 29 131.38112497615478
5 30 150.47923444781344
5 31 30.886890422961002
5 32 186.45374761586316
5 33 79.6994353806851
5 34 90.0
5 35 152.8953890737062
5 36 95.77055915050303
5 37 31.400636936215164
5 38 88.0056816347672
5 39 7.280109889280518
5 40 156.26259949200897
5 41 137.05838172107534
5 42 36.49657518178932
5 43 231.81242417092315
5 44 58.82176467941097
5 45 158.14550262337528
5 46 125.39936203984452
5 47 155.04837954651444
5 48 223.8861317723811
5 49 158.39823231336896
5 50 96.25487000666512
5 51 220.61731573020282
5 52 71.69379331573968
5 53 2.8284271247461903
5 54 210.70595625183452
5 55 85.00588214941364
5 56 81.32035415564789
5 57 37.53664875824692
5 58 119.20151005754919
5 59 118.53269591129698
5 60 157.95252451290546
5 61 96.25487000666512
5 62 180.46883387443938
5 63 33.28663395418648
5 64 117.2006825918689
5 65 235.46761985462035
5 66 118.96217886370441
5 67 185.31055015837603
5 68 147.57371039585607
5 69 46.09772228646444
5 70 112.00892821556681
5 71 101.1236866416568
5 72 234.47814397081873
5 73 45.34313619501854
5 74 233.1179958733345
5 75 81.34494452638098
5 76 159.26079241294764
5 77 104.23531071570709
5 78 149.89329538041386
5 79 243.81345327934633
5 80 237.39418695494632
5 81 66.48308055437865
5 82 261.2278698760911
5 83 231.03679360655957
5 84 119.0
5 85 122.96747537458837
5 86 146.21901381147393
5 87 234.19649869287116
5 88 112.76967677527502
5 89 218.4055860091495
5 90 157.05094714773293
5 91 274.3446737226732
5 92 200.5642041840966
5 93 147.20054347725758
5 94 97.51410154434076
5 95 95.33624704172071
5 96 31.32091952673165
5 97 245.20399670478457
5 98 195.05896544378575
5 99 67.80117993073571
5 100 201.8142710513803
6 0 175.41379649275024
6 1 72.99315036357864
6 2 126.11502686040232
6 3 208.24024587000469
6 4 221.05655384991417
6 5 93.55746896961247
6 7 18.0
6 8 77.10382610480494
6 9 89.35882720806042
6 10 211.463944917331
6 11 211.09239683134018
6 12 55.60575509783138
6 13 201.37527157027003
6 14 150.57224179774968
6 15 259.12352266824405
6 16 304.6850833237492
6 17 219.89315587348324
6 18 179.28747864811976
6 19 216.00231480241132
6 20 209.45882650296693
6 21 148.03040228277433
6 22 3.1622776601683795
6 23 205.03902067655318
6 24 214.55302374937528
6 25 230.15864094141676
6 26 134.4953530795767
6 27 153.05554547287727
6 28 211.9363111880548
6 29 224.89997776789573
6 30 185.17289218457435
6 31 88.68483523128404
6 32 175.13994404475525
6 33 148.67750334196495
6 34 141.1134295522577
6 35 136.0588108135596
6 36 171.011695506477
6 37 108.2266141020775
6 38 140.2640367307315
6 39 90.55385138137417
6 40 168.5734261382855
6 41 230.52114870440846
6 42 128.47178678604885
6 43 277.308492477241
6 44 67.35725647619564
6 45 173.92239648762893
6 46 80.8084154033477
6 47 227.37853900489378
6 48 222.00900882621858
6 49 131.38112497615478
6 50 171.81967291320282
6 51 302.3789013803708
6 52 51.97114584074513
6 53 91.2414379544733
6 54 278.72925931807015
6 55 138.03260484392808
6 56 149.164338901763
6 57 120.26637102698326
6 58 124.1933975700802
6 59 174.0028735394907
6 60 231.0411218809327
6 61 141.40014144264495
6 62 212.24985276791125
6 63 86.6083136886985
6 64 129.9730741346068
6 65 256.6398254363496
6 66 128.73616430514
6 67 268.5162937328013
6 68 182.03571078225283
6 69 73.87827826905551
6 70 204.80478510034868
6 71 146.60491124106312
6 72 279.06450867138227
6 73 123.17873193047572
6 74 252.83393759541065
6 75 152.6106156202772
6 76 207.77150911518163
6 77 147.87156589419075
6 78 242.86004199950224
6 79 316.89745975630666
6 80 283.59301824974466
6 81 50.80354318352215
6 82 275.9148419349709
6 83 248.8714527622644
6 84 74.14849964766651
6 85 82.03657720797473
6 86 183.3712082089225
6 87 278.16721589720095
6 88 122.06555615733703
6 89 282.4535360019414
6 90 198.72594194015034
6 91 345.1144737619679
6 92 245.65219315121126
6 93 135.05924625881784
6 94 5.830951894845301
6 95 8.0
6 96 111.40017953306898
6 97 318.3111685128249
6 98 250.52145616693193
6 99 150.7647173578752
6 100 247.48737341529164
7 0 163.51758315239374
7 1 78.0
7 2 108.4665847162157
7 3 191.01832372837953
7 4 206.22802913280242
7 5 75.92759709091287
7 6 18.0
7 8 65.21502894272147
7 9 74.65252842335616
7 10 200.81085628023203
7 11 208.7773934122179
7 12 46.8187996428785
7 13 191.7602670002313
7 14 133.46160496562297
7 15 255.8378392654222
7 16 290.2223285689783
7 17 209.15305400591214
7 18 168.6297719858507
7 19 210.77238908357992
7 20 207.4728897952694
7 21 132.23085872821065
7 22 17.26267650163207
7 23 196.88829320200833
7 24 212.52999788265186
7 25 212.42645786248002
7 26 138.32208789632983
7 27 136.12494260788506
7 28 197.4259354796122
7 29 207.15211801958483
7 30 178.13758727455584
7 31 73.60027173862879
7 32 176.7766952966369
7 33 135.10366390294527
7 34 130.09611831257686
7 35 137.7679207943562
7 36 156.84705926475002
7 37 92.43916918709297
7 38 129.0348790056394
7 39 72.69112738154499
7 40 165.33904560024533
7 41 212.73457640919588
7 42 110.54863183232979
7 43 269.47356085523495
7 44 57.245087125446844
7 45 170.1558109498468
7 46 86.4060183089118
7 47 214.2545215392198
7 48 222.5758297749331
7 49 135.1628647225265
7 50 157.61345120261785
7 51 287.80027797067885
7 52 45.70557952810576
7 53 73.54590403278758
7 54 266.7170785682837
7 55 126.60568707605516
7 56 135.77186748365804
7 57 102.3132444994293
7 58 120.81390648431164
7 59 163.11039206623224
7 60 217.8072542409917
7 61 131.36970731489052
7 62 206.22802913280242
7 63 71.84010022264724
7 64 125.31959144523253
7 65 253.17977802344325
7 66 124.61540835707277
7 67 253.5527558517162
7 68 174.9771413642365
7 69 61.07372593840988
7 70 187.55532517100121
7 71 136.69308687713507
7 72 271.41296947640507
7 73 105.38026380684383
7 74 249.6096953245206
7 75 138.77319625922004
7 76 198.64792976520042
7 77 138.31124321616085
7 78 225.5681715136247
7 79 304.08551428833306
7 80 275.6755339162328
7 81 42.720018726587654
7 82 273.8850123683295
7 83 245.96137908216403
7 84 79.30952023559341
7 85 86.7294644281861
7 86 175.85505395068975
7 87 270.6233544984616
7 88 117.71151175649729
7 89 271.20471972294285
7 90 190.68298298484845
7 91 332.84831380074615
7 92 237.60681808399355
7 93 135.72398461583714
7 94 21.587033144922902
7 95 19.697715603592208
7 96 95.38343671728336
7 97 305.4995908344232
7 98 240.62626623043462
7 99 135.15176654413364
7 100 239.35329536064467
8 0 98.49365461794989
8 1 70.60453243241541
8 2 74.32361670424818
8 3 144.08677940741129
8 4 145.82523787054146
8 5 50.91168824543142
8 6 77.10382610480494
8 7 65.21502894272147
8 9 20.8806130178211
8 10 135.6244815658294
8 11 156.28499608087785
8 12 23.769728648009426
8 13 127.01574705523721
8 14 88.45903006477066
8 15 200.0
8 16 228.56071403458645
8 17 143.95138068111746
8 18 103.46496991735899
8 19 151.74320413119
8 20 155.8589105569521
8 21 77.27871634544663
8 22 78.49203781276162
8 23 133.46160496562297
8 24 160.65490966665163
8 25 171.6566340110396
8 26 110.34491379306978
8 27 89.08984229416954
8 28 136.19104228986575
8 29 166.86821147240718
8 30 116.49892703368559
8 31 22.847319317591726
8 32 137.3062270984095
8 33 72.11102550927978
8 34 64.89992295835181
8 35 102.41581909060729
8 36 95.01578816175763
8 37 41.30375285612676
8 38 63.8200595424354
8 39 54.817880294662984
8 40 112.29425630903836
8 41 173.04623659588788
8 42 83.35466393669883
8 43 205.9927183179056
8 44 12.165525060596439
8 45 115.52488909321661
8 46 77.4919350642375
8 47 150.33296378372907
8 48 177.41758650145144
8 49 107.48953437428223
8 50 95.88013350011565
8 51 226.4155471693585
8 52 31.04834939252005
8 53 50.99019513592785
8 54 201.80436070610565
8 55 61.40032573203501
8 56 72.42237223399962
8 57 88.41379982785493
8 58 71.16881339463234
8 59 97.9081201943945
8 60 154.02921800749363
8 61 66.64082832618455
8 62 145.82523787054146
8 63 19.697715603592208
8 64 71.386273190299
8 65 197.0101520226813
8 66 72.27724399837061
8 67 193.29769786523585
8 68 113.35784048754634
8 69 6.082762530298219
8 70 141.0319112825179
8 71 72.01388754955533
8 72 208.12496246245908
8 73 96.20810776644555
8 74 194.0103090044444
8 75 76.32168761236873
8 76 134.23859355639868
8 77 73.92563831310488
8 78 178.4040358287895
8 79 239.7936613007108
8 80 212.08488866489287
8 81 28.635642126552707
8 82 220.5810508633958
8 83 191.12822920751398
8 84 71.84010022264724
8 85 74.46475676452586
8 86 113.50770898930169
8 87 207.46083967823904
8 88 65.52098900352466
8 89 206.0218435020908
8 90 127.4401820463232
8 91 268.1063221932672
8 92 174.04022523543227
8 93 97.09788875150684
8 94 82.73451516749222
8 95 82.80700453464067
8 96 45.39823785126467
8 97 241.2073796549351
8 98 175.6359872008012
8 99 79.07591289387686
8 100 175.6843760839307
9 0 91.7877987534291
9 1 91.48223871331527
9 2 53.665631459994955
9 3 124.4869471069156
9 4 131.7459676802292
9 5 34.0
9 6 89.35882720806042
9 7 74.65252842335616
9 8 20.8806130178211
9 10 131.0953851209111
9 11 165.89454481688057
9 12 42.1070065428546
9 13 124.91997438360288
9 14 68.06614430096654
9 15 206.9685966517626
9 16 215.60148422494683
9 17 139.0898989862312
9 18 99.72462083156798
9 19 157.07959765672945
9 20 165.93974810153233
9 21 59.464274989274024
9 22 90.13878188659973
9 23 134.16407864998737
9 24 170.51099671282202
9 25 151.2679741386127
9 26 128.8875478857442
9 27 69.02897942168927
9 28 122.80065146407001
9 29 146.4137971640651
9 30 120.06664815842908
9 31 3.1622776601683795
9 32 152.55490814785344
9 33 60.959002616512684
9 34 62.0966987850401
9 35 119.6703806294607
9 36 82.21921916437786
9 37 21.02379604162864
9 38 60.440052945046304
9 39 39.56008088970496
9 40 122.71104269787622
9 41 152.55490814785344
9 42 63.245553203367585
9 43 205.6817930688081
9 44 32.2490309931942
9 45 124.90796611905904
9 46 98.35141076771599
9 47 140.18559127100045
9 48 190.0026315607234
9 49 126.15070352558483
9 50 82.97590011563598
9 51 213.21350801485352
9 52 50.039984012787215
9 53 34.92849839314596
9 54 193.80660463462024
9 55 57.56735185849702
9 56 61.84658438426491
9 57 70.43436661176133
9 58 85.23496934944014
9 59 93.77632963600144
9 60 143.62799170078233
9 61 66.61080993352356
9 62 150.02999700059985
9 63 2.8284271247461903
9 64 83.2586331859946
9 65 203.79646709401024
9 66 84.970583144992
9 67 179.17589123540031
9 68 117.03845521878696
9 69 19.0
9 70 121.33424908079334
9 71 71.84705978674423
9 72 208.09613163151303
9 73 78.81624198095213
9 74 201.20636172845033
9 75 64.35060217278468
9 76 132.9661611087573
9 77 74.54528824815154
9 78 159.02201105507376
9 79 230.1238796822268
9 80 211.54668515483763
9 81 46.389654018972806
9 82 228.84929538890873
9 83 198.84164553734712
9 84 92.72000862812729
9 85 95.2732911156112
9 86 116.27553482998907
9 87 207.62466134830902
9 88 78.77182237323191
9 89 199.49185447030163
9 90 128.56515857727553
9 91 259.4166532819356
9 92 173.90227140552247
9 93 113.70136322841516
9 94 94.57801012920498
9 95 93.81364506296512
9 96 25.0
9 97 231.53617427952807
9 98 172.01162751395617
9 99 61.84658438426491
9 100 175.35392781457733
10 0 40.26164427839479
10 1 171.1286066091815
10 2 143.17122615944868
10 3 128.16005617976296
10 4 70.2922470831599
10 5 154.0194792875239
10 6 211.463944917331
10 7 200.81085628023203
10 8 135.6244815658294
10 9 131.0953851209111
10 11 103.87011119662864
10 12 155.8621185535472
10 13 17.0
10 14 122.6906679417795
10 15 114.86513831445988
10 16 117.51595636338071
10 17 8.48528137423857
10 18 32.202484376209235
10 19 71.02112361825881
10 20 107.15409464878138
10 21 99.00505037623081
10 22 213.21585306913744
10 23 33.61547262794322
10 24 108.25894882179486
10 25 160.0
10 26 154.5639026422405
10 27 117.83462988442744
10 28 62.24146527838174
10 29 158.68522300453813
10 30 51.0098029794274
10 31 133.41664064126334
10 32 138.2931668593933
10 33 74.52516353554684
10 34 70.7248188403477
10 35 138.2931668593933
10 36 65.37583651472461
10 37 122.80065146407001
10 38 71.8679344353238
10 39 161.29786111415117
10 40 92.02173656261873
10 41 163.8078142214223
10 42 155.0290295396317
10 43 80.05623023850174
10 44 144.20124826089406
10 45 86.02325267042627
10 46 171.67702234137218
10 47 41.78516483155236
10 48 140.63072210580447
10 49 154.2595215861893
10 50 65.49045732013177
10 51 117.2092146548214
10 52 160.20611723651504
10 53 156.46724896923317
10 54 70.49113419430843
10 55 74.43117626371358
10 56 72.78049189171504
10 57 174.34735443934903
10 58 109.16501271011697
10 59 37.73592452822641
10 60 45.221676218380054
10 61 70.178344238091
10 62 60.53924347066124
10 63 133.75350462698165
10 64 98.84331034521254
10 65 111.28791488746656
10 66 102.45974819410792
10 67 97.29337079164233
10 68 52.03844732503075
10 69 140.13208055259867
10 70 128.2809416865966
10 71 65.11528238439882
10 72 83.15046602394962
10 73 183.22117781522965
10 74 111.75866856758807
10 75 73.68174807915459
10 76 21.02379604162864
10 77 64.35060217278468
10 78 144.25671561490648
10 79 111.8257573191436
10 80 85.00588214941364
10 81 160.70469812671936
10 82 140.46351839534705
10 83 113.17243480636087
10 84 171.42053552593984
10 85 167.2154299100415
10 86 47.095647357266465
10 87 83.2946576918352
10 88 105.58882516630251
10 89 71.42128534267638
10 90 35.90264614203248
10 91 136.40014662748717
10 92 51.92301994298868
10 93 130.728726758888
10 94 217.24870540465827
10 95 217.8003673091485
10 96 122.723265927859
10 97 113.17685275708986
10 98 41.10960958218893
10 99 95.02105029939419
10 100 52.392747589718944
11 0 117.41379816699569
11 1 144.22205101855957
11 2 204.86336910243372
11 3 222.25210910135362
11 4 172.53985046939155
11 5 199.04019694524018
11 6 211.09239683134018
11 7 208.7773934122179
11 8 156.28499608087785
11 9 165.89454481688057
11 10 103.87011119662864
11 12 164.01219466856725
11 13 88.58893836140041
11 14 196.36700333813724
11 15 49.24428900898052
11 16 214.2545215392198
11 17 107.2240644631605
11 18 101.9803902718557
11 19 35.22782990761707
11 20 4.123105625617661
11 21 170.57842770995398
11 22 213.88314566603887
11 23 70.26378868236469
11 24 5.0
11 25 255.69708641280997
11 26 93.60021367496978
11 27 192.77447963877376
11 28 163.1349134918703
11 29 253.33771926027913
11 30 60.14149981501958
11 31 169.04733065032408
11 32 54.20332093147061
11 33 140.089257261219
11 34 115.48592987892508
11 35 82.365041127896
11 36 147.82760229402356
11 37 171.2337583538947
11 38 117.72000679578642
11 39 205.23157651784484
11 40 44.10215414239989
11 41 259.1138745802702
11 42 217.4235497824465
11 43 99.53893710503444
11 44 157.20368952413298
11 45 41.0
11 46 139.46325680981354
11 47 145.6193668438371
11 48 36.76955262170047
11 49 95.44108130150245
11 50 148.51935900750448
11 51 214.8697279748825
11 52 163.3064603743526
11 53 200.4120754844877
11 54 155.08062419270823
11 55 120.3536455617361
11 56 137.87675656179326
11 57 231.7584949899356
11 58 88.09086218218096
11 59 105.3612832116238
11 60 148.92951352905172
11 61 106.89246933250256
11 62 44.384682042344295
11 63 167.37084572887835
11 64 85.21150157109074
11 65 47.41307836451879
11 66 85.0235261559999
11 67 200.1724256734678
11 68 61.5223536610881
11 69 162.36378906640482
11 70 221.41589825484527
11 71 103.4456378974
11 72 98.89893831583835
11 73 240.87548650703334
11 74 42.95346318982906
11 75 143.0034964607509
11 76 82.85529554590944
11 77 99.84988733093293
11 78 244.2396364229197
11 79 194.25756098540927
11 80 105.19030373565806
11 81 167.10774967068403
11 82 65.12296062065974
11 83 38.27531841800928
11 84 143.6175476743702
11 85 136.12494260788506
11 86 65.79513659838392
11 87 97.082439194738
11 88 92.02173656261873
11 89 146.21901381147393
11 90 68.96375859826666
11 91 207.88458336298052
11 92 81.39410298049853
11 93 79.7057087039567
11 94 216.54098919142305
11 95 218.97945109073592
11 96 173.62603491412224
11 97 195.31000998412753
11 98 108.04165863221463
11 99 167.86303941010956
11 100 83.48652585896721
12 0 120.24142381059865
12 1 53.85164807134504
12 2 92.41753080449618
12 3 166.5893153836704
12 4 169.49926253526885
12 5 63.97655820689325
12 6 55.60575509783138
12 7 46.8187996428785
12 8 23.769728648009426
12 9 42.1070065428546
12 10 155.8621185535472
12 11 164.01219466856725
12 13 145.89036979869508
12 14 110.0
12 15 210.1547049199708
12 16 251.9622987670973
12 17 164.2954655491137
12 18 123.69316876852982
12 19 164.2224101637776
12 20 163.01226947687098
12 21 100.66280345788111
12 22 57.42821606144492
12 23 150.26975743641833
12 24 168.00297616411441
12 25 193.0932417253385
12 26 104.10091258005379
12 27 111.11255554616679
12 28 159.7779709471866
12 29 188.17013578142522
12 30 131.3202193114221
12 31 43.0
12 32 137.26616480400406
12 33 95.524865872714
12 34 85.63293758829018
12 35 99.53893710503444
12 36 118.59595271340417
12 37 63.12685640834652
12 38 84.86459803710851
12 39 65.5133574166368
12 40 120.10412149464314
12 41 194.25756098540927
12 42 99.62429422585637
12 43 222.80035906613796
12 44 12.206555615733702
12 45 124.4869471069156
12 46 61.85466837676846
12 47 173.04623659588788
12 48 180.8535318980528
12 49 101.01980003939822
12 50 119.47384651043926
12 51 249.8739682319869
12 52 8.06225774829855
12 53 63.06346010171025
12 54 223.45021816950637
12 55 82.73451516749222
12 56 95.71833680126291
12 57 100.4987562112089
12 58 76.02631123499285
12 59 118.44407963254221
12 60 176.81628884240274
12 61 85.80209787645055
12 62 159.48040632002414
12 63 40.01249804748511
12 64 79.40403012442127
12 65 207.39334608419819
12 66 79.1012010022604
12 67 216.9446934128604
12 68 128.16005617976296
12 69 23.194827009486403
12 70 163.44112089679268
12 71 91.02197536858887
12 72 224.69757453074567
12 73 107.07474025184464
12 74 203.98284241572867
12 75 99.84988733093293
12 76 152.46311029229332
12 77 92.35799911215054
12 78 201.0994778710278
12 79 262.09158704544484
12 80 229.0261993746567
12 81 5.0
12 82 229.0785891348207
12 83 200.5617112013158
12 84 55.226805085936306
12 85 59.81638571495272
12 86 129.07749610214788
12 87 223.8861317723811
12 88 72.11102550927978
12 89 226.90967365892536
12 90 144.02777509911067
12 91 289.917229567337
12 92 190.97905644337024
12 93 95.81753492967766
12 94 61.40032573203501
12 95 62.12889826803627
12 96 67.06713054842886
12 97 263.50332066218823
12 98 194.9897433200013
12 99 102.61578825892242
12 100 192.753728887407
13 0 39.6232255123179
13 1 157.20050890502867
13 2 143.34922392534952
13 3 138.05795884337854
13 4 84.05950273467003
13 5 150.6154042586614
13 6 201.37527157027003
13 7 191.7602670002313
13 8 127.01574705523721
13 9 124.91997438360288
13 10 17.0
13 11 88.58893836140041
13 12 145.89036979869508
13 14 125.63439019631528
13 15 104.5609869884557
13 16 134.45073447177595
13 17 23.769728648009426
13 18 26.076809620810597
13 19 57.38466694161429
13 20 91.67878707749138
13 21 100.62305898749054
13 22 203.29781110479277
13 23 19.1049731745428
13 24 93.15041599477696
13 25 170.74249617479535
13 26 138.00362314084367
13 27 121.03718436910205
13 28 75.0
13 29 169.00887550658396
13 30 34.0147027033899
13 31 127.4872542648872
13 32 121.33424908079334
13 33 73.02739212103907
13 34 62.96824596572466
13 35 121.75385004179539
13 36 69.28924880528002
13 37 119.21828718783037
13 38 64.51356446515724
13 39 157.83535725559088
13 40 75.02666192761077
13 41 174.41330224498358
13 42 155.63097378092831
13 43 81.21576201698781
13 44 134.6291201783626
13 45 69.02897942168927
13 46 157.25775020646836
13 47 57.97413216254298
13 48 125.21980673998823
13 49 137.78606605894515
13 50 69.6419413859206
13 51 134.18271125595876
13 52 149.61617559608987
13 53 152.8953890737062
13 54 85.42833253669417
13 55 67.35725647619564
13 56 71.00704190430693
13 57 174.1034175425629
13 58 94.02127418834527
13 59 32.14031735997639
13 60 61.61168720299745
13 61 60.41522986797286
13 62 46.75467891024384
13 63 127.4401820463232
13 64 83.86298349093002
13 65 100.9554357129917
13 66 87.32124598286491
13 67 113.95174417269794
13 68 35.05709628591621
13 69 131.94695904036593
13 70 137.80058055030102
13 71 55.072679252057455
13 72 83.86298349093002
13 73 183.17477992343814
13 74 100.80178569846865
13 75 73.33484846919642
13 76 9.219544457292887
13 77 53.53503525729669
13 78 156.84705926475002
13 79 127.12198865656563
13 80 86.88498144098322
13 81 150.60212481900777
13 82 130.09611831257686
13 83 101.53324578678651
13 84 157.4102919125684
13 85 152.8201557386983
13 86 30.14962686336267
13 87 83.60023923410746
13 88 90.97252332435328
13 89 84.40379138403677
13 90 19.697715603592208
13 91 150.33296378372907
13 92 50.08991914547278
13 93 114.28473213863697
13 94 207.1955597979841
13 95 208.0192298803166
13 96 119.70797801316336
13 97 128.4445405612866
13 98 49.20365840057018
13 99 96.88137075826292
13 100 51.24451190127583
14 0 86.1278120005379
14 1 158.4929020492716
14 2 29.0
14 3 57.723478758647246
14 4 87.23531395025755
14 5 58.59180830116101
14 6 150.57224179774968
14 7 133.46160496562297
14 8 88.45903006477066
14 9 68.06614430096654
14 10 122.6906679417795
14 11 196.36700333813724
14 12 110.0
14 13 125.63439019631528
14 15 226.77080940897133
14 16 168.8342382338369
14 17 128.191263352851
14 18 101.19288512538814
14 19 175.86642658563346
14 20 197.77006851391846
14 21 25.942243542145693
14 22 150.5257453062432
14 23 141.98943622678414
14 24 201.357890334598
14 25 83.21658488546619
14 26 186.59314028120113
14 27 5.0990195135927845
14 28 82.63776376451628
14 29 78.40918313565064
14 30 138.6542462386205
14 31 67.0
14 32 199.90497742677644
14 33 56.43580423808985
14 34 81.68843247363729
14 35 174.26416728633572
14 36 57.3149195236284
14 37 47.16990566028302
14 38 79.51100552753688
14 39 63.812224534175265
14 40 159.45218719101973
14 41 84.5931439302264
14 42 36.6742416417845
14 43 202.63267258761604
14 44 100.24470060806208
14 45 158.67261893597143
14 46 164.7604321431575
14 47 110.11357772772621
14 48 227.7015590636129
14 49 184.29595763336752
14 50 57.21887800367987
14 51 165.7015389186232
14 52 118.00423721205946
14 53 61.29437168288782
14 54 165.8010856418015
14 55 77.23341245859851
14 56 58.66856057549052
14 57 57.271284253105414
14 58 135.35139452550905
14 59 95.85927185202274
14 60 112.08925015361643
14 61 90.78546139112804
14 62 166.23477373883
14 63 70.00714249274856
14 64 129.0155029444136
14 65 223.23082224459955
14 66 132.20060514233663
14 67 130.09611831257686
14 68 136.4734406395618
14 69 87.05170877128145
14 70 54.3415126767741
14 71 93.40770846134703
14 72 205.7887266105702
14 73 64.8459713474939
14 74 222.05629916757596
14 75 54.12947441089743
14 76 134.8517704741024
14 77 97.0051545022222
14 78 92.41753080449618
14 79 194.09276132818556
14 80 207.3475343475297
14 81 114.03946685248927
14 82 251.5094431626773
14 83 221.41589825484527
14 84 159.65587994182988
14 85 161.3009609394811
14 86 133.27040181525678
14 87 205.9732992404598
14 88 128.14054783713078
14 89 176.14766532656628
14 90 138.57849761056005
14 91 225.45953073667124
14 92 174.10628937519746
14 93 166.97604618627187
14 94 154.95160534825058
14 95 153.1012736720371
14 96 43.104524124504614
14 97 195.4328529188478
14 98 161.0
14 99 29.154759474226502
14 100 174.79702514631077
15 0 141.77799547179387
15 1 193.35201059208046
15 2 239.841614404173
15 3 242.40668307618913
15 4 184.5670609832643
15 5 238.72997298202839
15 6 259.12352266824405
15 7 255.8378392654222
15 8 200.0
15 9 206.9685966517626
15 10 114.86513831445988
15 11 49.24428900898052
15 12 210.1547049199708
15 13 104.5609869884557
15 14 226.77080940897133
15 16 206.49455198624491
15 17 114.5512985522207
15 18 126.11502686040232
15 19 51.24451190127583
15 20 51.884487084291386
15 21 200.92784774639875
15 22 261.8415551435639
15 23 86.09297300012354
15 24 47.01063709417264
15 25 274.71075697904513
15 26 142.04224723651762
15 27 222.5690903966676
15 28 177.05366418123066
15 29 273.2123716086078
15 30 89.28605714219886
15 31 210.05237442123808
15 32 100.26464980241042
15 33 170.88007490635061
15 34 150.37286989347513
15 35 131.48764200486676
15 36 172.70784579746226
15 37 209.0598000573042
15 38 152.55490814785344
15 39 245.3670719554684
15 40 90.60905032059435
15 41 278.4690287985362
15 42 252.4836628378161
15 43 72.3394774656273
15 44 202.35612172603032
15 45 85.70880934886448
15 46 188.692872149427
15 47 152.97058540778355
15 48 62.26556030423239
15 49 144.06248644251562
15 50 173.18487231857176
15 51 208.0
15 52 210.15232570685484
15 53 240.41630560342617
15 54 143.96180048887967
15 55 155.46703830716015
15 56 168.65645555388622
15 57 268.7322087134328
15 58 135.14806694880988
15 59 131.0953851209111
15 60 155.32224567009067
15 61 142.97202523570826
15 62 60.53924347066124
15 63 208.7773934122179
15 64 130.75167302944922
15 65 3.605551275463989
15 66 131.24023773218335
15 67 201.40506448448608
15 68 91.92388155425118
15 69 206.0024271701671
15 70 242.26019070412704
15 71 138.51353724455961
15 72 70.11419257183242
15 73 277.94963572561124
15 74 6.324555320336759
15 75 172.69916039170545
15 76 96.02083107326243
15 77 135.14806694880988
15 78 258.897663179875
15 79 177.48521065147935
15 80 76.02631123499285
15 81 213.5883891975404
15 82 25.612496949731394
15 83 11.40175425099138
15 84 192.77188591700815
15 85 185.32404053441098
15 86 94.25497334358543
15 87 68.11754546370561
15 88 138.1774221788784
15 89 131.3202193114221
15 90 88.54942122905152
15 91 184.06792224611002
15 92 71.34423592694787
15 93 128.94960255851896
15 94 264.66015944981217
15 95 266.94006818010666
15 96 210.85777196963835
15 97 178.27226368675525
15 98 100.23971268913334
15 99 197.61831898890347
15 100 72.56031973468694
16 0 136.48809471891678
16 1 280.40149785619906
16 2 197.71696942852427
16 3 128.3160161476345
16 4 84.29116205154607
16 5 223.46364357541475
16 6 304.6850833237492
16 7 290.2223285689783
16 8 228.56071403458645
16 9 215.60148422494683
16 10 117.51595636338071
16 11 214.2545215392198
16 12 251.9622987670973
16 13 134.45073447177595
16 14 168.8342382338369
16 15 206.49455198624491
16 17 111.11255554616679
16 18 140.9432509913121
16 19 179.0474797365213
16 20 218.07338214463496
16 21 159.86244086714052
16 22 305.62885989382613
16 23 148.0135128966271
16 24 217.83020910791964
16 25 140.57738082636197
16 26 271.5879231482873
16 27 164.2954655491137
16 28 92.80086206496145
16 29 143.37712509323097
16 30 168.2973558912914
16 31 216.6333307688362
16 32 255.00784301664135
16 33 156.46085772486356
16 34 170.985379491932
16 35 255.31353273964936
16 36 133.70115930686615
16 37 198.600100704909
16 38 170.90640713560157
16 39 229.8978033822855
16 40 209.40391591371923
16 41 144.3918280236108
16 42 204.83163818121457
16 43 138.42326394071193
16 44 239.774894432257
16 45 203.19940944796076
16 46 282.5402626175604
16 47 82.21921916437786
16 48 250.08198655640913
16 49 271.1051456538588
16 50 132.87964479181903
16 51 4.0
16 52 258.2789190003706
16 53 226.29184695874486
16 54 62.64982043070834
16 55 172.19175357722565
16 56 156.24659996300718
16 57 224.96444163467257
16 58 223.3942702935776
16 59 143.58969322343438
16 60 78.10889834071403
16 61 175.1142484208524
16 62 170.17931719218996
16 63 218.40329667841556
16 64 212.96009015775704
16 65 203.54115063052976
16 66 216.83173199511182
16 67 38.8329756778952
16 68 169.49926253526885
16 69 231.0432859877127
16 70 131.30879635424276
16 71 171.47011401407536
16 72 141.66156853571826
16 73 231.32660893204655
16 74 206.24257562394823
16 75 152.26621424334422
16 76 136.01470508735443
16 77 172.35138525698017
16 78 112.8716084761797
16 79 44.77722635447622
16 80 137.59360450253493
16 81 256.9435735720977
16 82 229.08513701242165
16 83 209.97618912629116
16 84 280.95729212818094
16 85 278.09530740377477
16 86 164.59647626847908
16 87 143.38758663147937
16 88 218.68013169924697
16 89 76.66159403508382
16 90 152.029602380589
16 91 71.449282711585
16 92 136.6821129482567
16 93 247.58836806279893
16 94 310.0403199585499
16 95 309.40103425812913
16 96 196.23710148695125
16 97 45.31004303683677
16 98 107.70329614269008
16 99 156.40012787718558
16 100 135.05924625881784
17 0 47.75981574503821
17 1 179.44637081869334
17 2 149.56603892595405
17 3 130.24976007655445
17 4 70.03570517957252
17 5 161.40012391568973
17 6 219.89315587348324
17 7 209.15305400591214
17 8 143.95138068111746
17 9 139.0898989862312
17 10 8.48528137423857
17 11 107.2240644631605
17 12 164.2954655491137
17 13 23.769728648009426
17 14 128.191263352851
17 15 114.5512985522207
17 16 111.11255554616679
17 18 40.607881008493905
17 19 73.348483283569
17 20 110.67971810589327
17 21 105.11898020814318
17 22 221.6325788326256
17 23 37.656340767525464
17 24 111.42710621747295
17 25 161.4187101918486
17 26 161.7714437099453
17 27 123.25988804148737
17 28 63.00793600809346
17 29 160.37767924496225
17 30 57.21887800367987
17 31 141.36477637657833
17 32 144.03124660989366
17 33 81.74350127074322
17 34 79.05694150420949
17 35 145.52319402761884
17 36 71.00704190430693
17 37 130.29197979921864
17 38 80.15609770940699
17 39 168.6801707374047
17 40 98.32598842625484
17 41 165.3027525481654
17 42 161.25135658344087
17 43 74.54528824815154
17 44 152.6106156202772
17 45 92.0869154657707
17 46 179.90275150758535
17 47 39.11521443121589
17 48 143.96180048887967
17 49 161.55494421403512
17 50 71.02816342831905
17 51 111.00450441310929
17 52 168.67127793433
17 53 163.88410539158457
17 54 62.26556030423239
17 55 82.68010643437755
17 56 80.0812087820857
17 57 180.8009955724802
17 58 117.17081547894082
17 59 46.04345773288535
17 60 42.05948168962618
17 61 78.64477096412705
17 62 63.15853069855251
17 63 141.76741515595182
17 64 106.89246933250256
17 65 111.01801655587259
17 66 110.46266337545913
17 67 93.00537618869137
17 68 58.54912467321779
17 69 148.4082207965583
17 70 130.59862173851607
17 71 73.59347797189639
17 72 77.78174593052023
17 73 189.59430371189953
17 74 111.8659912573969
17 75 80.60397012554654
17 76 25.179356624028344
17 77 72.83543093852057
17 78 144.42298985964803
17 79 103.75451797391764
17 80 79.1580697086532
17 81 169.14490828872147
17 82 140.03570973148243
17 83 113.70136322841516
17 84 179.7247896090019
17 85 175.44514812328097
17 86 53.75872022286245
17 87 78.08969202141856
17 88 113.74093370462545
17 89 62.93647591023825
17 90 41.048751503547585
17 91 128.00390619039717
17 92 48.33218389437829
17 93 138.0507153186828
17 94 225.67454442182884
17 95 226.2056586383285
17 96 130.080744155313
17 97 105.09519494249011
17 98 33.734255586866
17 99 101.07917688624102
17 100 48.46648326421054
18 0 15.811388300841896
18 1 141.4213562373095
18 2 117.61377470347595
18 3 120.28299963003916
18 4 75.43208866258443
18 5 124.61540835707277
18 6 179.28747864811976
18 7 168.6297719858507
18 8 103.46496991735899
18 9 99.72462083156798
18 10 32.202484376209235
18 11 101.9803902718557
18 12 123.69316876852982
18 13 26.076809620810597
18 14 101.19288512538814
18 15 126.11502686040232
18 16 140.9432509913121
18 17 40.607881008493905
18 19 76.00657866263946
18 20 104.35037134576953
18 21 75.69015788066504
18 22 181.02486017119307
18 23 40.80441152620633
18 24 106.88779163215975
18 25 153.7172729396407
18 26 132.1854757528224
18 27 96.79876032264049
18 28 64.8459713474939
18 29 151.38031576133008
18 30 41.86884283091664
18 31 102.18121158021175
18 32 124.04031602668546
18 33 47.16990566028302
18 34 38.58756276314948
18 35 116.06894502837527
18 36 46.87216658103186
18 37 93.2148056909416
18 38 39.824615503479755
18 39 131.84839779079607
18 40 76.84399781375251
18 41 157.13688300332294
18 42 129.98846102635417
18 43 107.20074626605917
18 44 112.0044641967453
18 45 72.61542535852834
18 46 142.6954799564443
18 47 59.033888572581766
18 48 137.20058308913997
18 49 131.38112497615478
18 50 47.43416490252569
18 51 139.94641831786907
18 52 128.14444974324874
18 53 126.92123541787639
18 54 101.04454463255303
18 55 42.485291572496
18 56 45.09988913511872
18 57 148.21605850919124
18 58 82.46211251235322
18 59 6.082762530298219
18 60 63.150613615387776
18 61 38.18376618407357
18 62 65.86349520030045
18 63 102.31813133555558
18 64 72.03471385380801
18 65 122.53978945632312
18 66 75.92759709091287
18 67 114.10959644131601
18 68 40.80441152620633
18 69 108.04628637764465
18 70 119.50313803411188
18 71 33.301651610693426
18 72 109.89540481748998
18 73 157.31814898478814
18 74 121.70866854912184
18 75 47.853944456021594
18 76 35.0
18 77 33.015148038438355
18 78 143.20963654726592
18 79 141.4496376806954
18 80 112.78741064498288
18 81 128.5496013218244
18 82 151.23822268196622
18 83 121.59358535712317
18 84 141.8238343861849
18 85 138.2244551445221
18 86 36.235341863986875
18 87 109.65856099730654
18 88 77.79460135510689
18 89 103.32473082471591
18 90 37.57658845611187
18 91 167.47537132366656
18 92 76.16429609731846
18 93 108.11567878897121
18 94 185.06755523321746
18 95 185.6017241299229
18 96 93.64827814754524
18 97 142.8355697996826
18 98 72.44998274671983
18 99 72.12489168102785
18 100 77.31752712031083
19 0 91.80958555619343
19 1 155.92626462530293
19 2 188.6001060445089
19 3 194.82556300444764
19 4 141.01418368376991
19 5 188.1754500459611
19 6 216.00231480241132
19 7 210.77238908357992
19 8 151.74320413119
19 9 157.07959765672945
19 10 71.02112361825881
19 11 35.22782990761707
19 12 164.2224101637776
19 13 57.38466694161429
19 14 175.86642658563346
19 15 51.24451190127583
19 16 179.0474797365213
19 17 73.348483283569
19 18 76.00657866263946
19 20 39.11521443121589
19 21 149.96666296213968
19 22 218.51544567833184
19 23 38.28837943815329
19 24 38.8329756778952
19 25 227.7981562699751
19 26 115.42096863222038
19 27 171.75855146105536
19 28 132.2800060477773
19 29 225.88713996153035
19 30 38.07886552931954
19 31 160.11246047700348
19 32 83.21658488546619
19 33 119.77478866606278
19 34 99.24716620639605
19 35 101.23734488813898
19 36 122.87391912037315
19 37 158.15182578775372
19 38 101.41498903022176
19 39 194.92819190666086
19 40 51.22499389946279
19 41 231.40656861895687
19 42 201.2411488736834
19 43 70.80254232723568
19 44 155.36408851468863
19 45 44.40720662234904
19 46 152.86922515666782
19 47 112.29425630903836
19 48 71.30918594402827
19 49 116.51609330903607
19 50 123.42204017111368
19 51 179.6941846582688
19 52 165.24527224704494
19 53 189.952625672824
19 54 120.00416659433121
19 55 104.34557968596465
19 56 117.5457357797381
19 57 217.5890622251036
19 58 92.61209424259879
19 59 80.62257748298549
19 60 115.3819743287486
19 61 92.07062506576133
19 62 10.63014581273465
19 63 159.02829936838285
19 64 86.03487664894976
19 65 47.80167361086848
19 66 87.46427842267951
19 67 165.8493292117879
19 68 40.792156108742276
19 69 157.62296786953354
19 70 194.3707796969493
19 71 87.47571091451616
19 72 71.06335201775947
19 73 226.80828909014767
19 74 46.238512086787566
19 75 121.74152947946727
19 76 50.21951811795888
19 77 84.17244204607586
19 78 214.21951358361358
19 79 159.6151621870554
19 80 77.00649323271382
19 81 168.0773631397161
19 82 75.64390259630977
19 83 45.65084884205331
19 84 155.6181223379848
19 85 148.94629904767692
19 86 43.01162633521314
19 87 69.52697318307479
19 88 93.98404119849285
19 89 111.64676439557037
19 90 39.05124837953327
19 91 174.6339027795004
19 92 47.53945729601885
19 93 96.17692030835673
19 94 221.713779454503
19 95 223.57325421436258
19 96 159.84054554461454
19 97 160.70158679988197
19 98 73.00684899377592
19 99 146.74126890551273
19 100 49.72926703662542
20 0 119.6703806294607
20 1 141.98943622678414
20 2 205.71825392998065
20 3 224.5551157288562
20 4 175.5135322418189
20 5 199.24858845171275
20 6 209.45882650296693
20 7 207.4728897952694
20 8 155.8589105569521
20 9 165.93974810153233
20 10 107.15409464878138
20 11 4.123105625617661
20 12 163.01226947687098
20 13 91.67878707749138
20 14 197.77006851391846
20 15 51.884487084291386
20 16 218.07338214463496
20 17 110.67971810589327
20 18 104.35037134576953
20 19 39.11521443121589
20 21 172.04650534085255
20 22 212.27576404290716
20 23 73.53910524340094
20 24 5.0990195135927845
20 25 258.0426321366297
20 26 90.44335243676011
20 27 194.2498391247725
20 28 166.01204775557707
20 29 255.6188568944005
20 30 62.48199740725323
20 31 169.09760495051373
20 32 50.44799302251776
20 33 141.60508465447137
20 34 116.61903789690601
20 35 79.60527620704548
20 36 149.90663761154806
20 37 171.77310616042314
20 38 118.84864324004712
20 39 205.36065835500236
20 40 43.56604182158393
20 41 261.4287665885298
20 42 218.24756585125985
20 43 103.61949623502326
20 44 156.46085772486356
20 45 41.10960958218893
20 46 137.05838172107534
20 47 148.92951352905172
20 48 33.54101966249684
20 49 92.35799911215054
20 50 150.6154042586614
20 51 218.65955272980872
20 52 162.11107303327555
20 53 200.5691900566984
20 54 159.05030650709227
20 55 121.43310915891102
20 56 139.40229553346674
20 57 232.31228981696168
20 58 87.0
20 59 107.56393447619885
20 60 152.27934856703322
20 61 107.91200118615167
20 62 48.05205510693585
20 63 167.35590817177624
20 64 84.5931439302264
20 65 50.24937810560445
20 66 84.2140130857092
20 67 203.66639388961548
20 68 63.702433234531945
20 69 161.94134740701648
20 70 223.66492796144863
20 71 104.62313319720452
20 72 102.95630140987001
20 73 241.40422531513403
20 74 45.65084884205331
20 75 144.62710672622887
20 76 86.16263691415206
20 77 101.01980003939822
20 78 246.9169900999119
20 79 198.3053201505194
20 80 109.2520022699813
20 81 166.01204775557707
20 82 66.48308055437865
20 83 40.718546143004666
20 84 141.35416513141735
20 85 133.79461872586654
20 86 68.11754546370561
20 87 101.13357503816425
20 88 91.19758768739445
20 89 150.26975743641833
20 90 72.00694410957877
20 91 212.00235847744713
20 92 85.47514258543241
20 93 77.25283166331187
20 94 214.8697279748825
20 95 217.36835096213983
20 96 174.24408167854654
20 97 199.36148073286373
20 98 112.01785571952357
20 99 169.4018890095385
20 100 87.5728268357257
21 0 61.0
21 1 144.08677940741129
21 2 44.721359549995796
21 3 68.59300255857006
21 4 75.66372975210778
21 5 64.03124237432849
21 6 148.03040228277433
21 7 132.23085872821065
21 8 77.27871634544663
21 9 59.464274989274024
21 10 99.00505037623081
21 11 170.57842770995398
21 12 100.66280345788111
21 13 100.62305898749054
21 14 25.942243542145693
21 15 200.92784774639875
21 16 159.86244086714052
21 17 105.11898020814318
21 18 75.69015788066504
21 19 149.96666296213968
21 20 172.04650534085255
21 22 148.52945835759317
21 23 116.48175822848829
21 24 175.5733464965568
21 25 99.32774033471213
21 26 165.71059109181888
21 27 22.20360331117452
21 28 68.41052550594829
21 29 95.1892851112981
21 30 112.71202242884297
21 31 59.61543424315552
21 32 176.02556632489498
21 33 30.528675044947494
21 34 56.568542494923804
21 35 152.50245899656832
21 36 34.52535300326414
21 37 39.824615503479755
21 38 54.45181356024793
21 39 70.80254232723568
21 40 134.3800580443393
21 41 101.51354589413178
21 42 56.142675390472796
21 43 179.0446871593793
21 44 89.44271909999159
21 45 133.30416347586447
21 46 149.4824404403407
21 47 92.19544457292888
21 48 202.2992832414391
21 49 163.6154026979123
21 50 34.713109915419565
21 51 157.13688300332294
21 52 108.25894882179486
21 53 66.84309986827361
21 54 148.24641648282767
21 55 52.40229002629561
21 56 32.7566787083184
21 57 75.95393340703298
21 58 113.17685275708986
21 59 70.21395872616783
21 60 94.81033698917012
21 61 65.76473218982953
21 62 140.38874598770374
21 63 62.03224967708329
21 64 106.0
21 65 197.39554199626699
21 66 109.41663493271945
21 67 122.14745187681976
21 68 110.5350623105628
21 69 77.62087348130012
21 70 65.92419889539804
21 71 68.01470429252781
21 72 182.0988742414406
21 73 84.5931439302264
21 74 196.17339269126177
21 75 28.231188426986208
21 76 109.83624174196785
21 77 71.58910531638176
21 78 102.0196059588548
21 79 180.01388835309348
21 80 184.0
21 81 105.26157893552613
21 82 225.61028345356956
21 83 195.49424543960367
21 84 145.1240848377691
21 85 145.67429423202984
21 86 107.33126291998991
21 87 182.17573932881405
21 88 106.00471687618433
21 89 157.16551784663199
21 90 112.89375536317321
21 91 210.77238908357992
21 92 149.75313018431368
21 93 144.9413674559475
21 94 153.0
21 95 151.81897114655993
21 96 36.89173349139343
21 97 181.39735389470266
21 98 138.52075656738234
21 99 4.123105625617661
21 100 150.56227947264878
22 0 176.91806012954132
22 1 76.11832893594026
22 2 125.7179382586272
22 3 208.13937638034758
22 4 221.8828519737386
22 5 93.17188417113823
22 6 3.1622776601683795
22 7 17.26267650163207
22 8 78.49203781276162
22 9 90.13878188659973
22 10 213.21585306913744
22 11 213.88314566603887
22 12 57.42821606144492
22 13 203.29781110479277
22 14 150.5257453062432
22 15 261.8415551435639
22 16 305.62885989382613
22 17 221.6325788326256
22 18 181.02486017119307
22 19 218.51544567833184
22 20 212.27576404290716
22 21 148.52945835759317
22 23 207.18349355100662
22 24 217.36835096213983
22 25 229.68892006363737
22 26 137.6117727521886
22 27 153.1012736720371
22 28 212.8497122384712
22 29 224.4147945212169
22 30 187.4593289223025
22 31 89.35882720806042
22 32 178.1796845883391
22 33 149.80320423809366
22 34 142.76203977248295
22 35 139.0898989862312
22 36 172.00290695217916
22 37 108.70602559196064
22 38 141.8731828077456
22 39 89.94442728707543
22 40 171.26879458909028
22 41 229.9956521328175
22 42 127.76932339180638
22 43 279.5174413162799
22 44 69.02897942168927
22 45 176.57009939398006
22 46 83.95236744726142
22 47 228.64164100180878
22 48 225.00222221124838
22 49 134.4953530795767
22 50 172.80046296234278
22 51 303.29028998634294
22 52 54.120236510939236
22 53 90.80198235721508
22 54 280.2427519134081
22 55 139.6030085635693
22 56 150.33296378372907
22 57 119.10499569707393
22 58 126.84636376341263
22 59 175.6957597667058
22 60 232.28000344411913
22 61 143.22011031974526
22 62 214.67184258770408
22 63 87.36704184073076
22 64 132.5028301584536
22 65 259.34147373684755
22 66 131.3202193114221
22 67 269.3120866207085
22 68 184.31766057543157
22 69 75.07329751649384
22 70 204.68756679388224
22 71 148.44864431849825
22 72 281.298773548695
22 73 121.80722474467596
22 74 255.55625603768732
22 75 153.67498169838836
22 76 209.77368757782756
22 77 149.77316181479245
22 78 242.72000329597887
22 79 318.2483307104689
22 80 285.7918823199847
22 81 52.69724850502159
22 82 278.7418160233588
22 83 251.62074636245717
22 84 77.27871634544663
22 85 85.15867542417507
22 86 185.59364213248256
22 87 280.4157627523817
22 88 124.61942063739504
22 89 284.1161734220704
22 90 200.8830505542964
22 91 346.5862086119412
22 92 247.8245347014698
22 93 138.03260484392808
22 94 4.47213595499958
22 95 5.0990195135927845
22 96 111.80339887498948
22 97 319.6623218335248
22 98 252.41434190631878
22 99 151.32745950421557
22 100 249.64775184247102
23 0 56.08029957123981
23 1 154.8967397978408
23 2 157.83535725559088
23 3 156.97452022541748
23 4 102.90286682109493
23 5 162.19741058352318
23 6 205.03902067655318
23 7 196.88829320200833
23 8 133.46160496562297
23 9 134.16407864998737
23 10 33.61547262794322
23 11 70.26378868236469
23 12 150.26975743641833
23 13 19.1049731745428
23 14 141.98943622678414
23 15 86.09297300012354
23 16 148.0135128966271
23 17 37.656340767525464
23 18 40.80441152620633
23 19 38.28837943815329
23 20 73.53910524340094
23 21 116.48175822848829
23 22 207.18349355100662
23 24 74.68600939935136
23 25 189.76301009416983
23 26 128.51459061133875
23 27 137.56816492197603
23 28 94.02127418834527
23 29 187.97074240423694
23 30 23.323807579381203
23 31 136.94524453225822
23 32 107.07474025184464
23 33 87.47571091451616
23 34 72.44308110509934
23 35 112.53888216967503
23 36 86.76404785393545
23 37 131.03434664239754
23 38 74.33034373659252
23 39 169.29559947027565
23 40 62.81719509815764
23 41 193.4140636044856
23 42 170.31735084835015
23 43 72.61542535852834
23 44 139.71399357258383
23 45 56.089214649520635
23 46 153.91231269784754
23 47 75.39230729988306
23 48 107.01868995647442
23 49 128.69343417595164
23 50 87.20665112249179
23 51 148.12157169028418
23 52 153.07514494521962
23 53 164.30459518832697
23 54 94.11163583744573
23 55 77.31752712031083
23 56 85.32877591996736
23 57 188.06647760831805
23 58 90.02777349240623
23 59 46.32493928760188
23 60 78.77182237323191
23 61 67.68308503607086
23 62 27.65863337187866
23 63 136.49908424601244
23 64 80.62257748298549
23 65 82.49242389456137
23 66 83.54639429682169
23 67 130.50670480860362
23 68 25.80697580112788
23 69 138.82723075823418
23 70 156.64609794054877
23 71 62.369864518050704
23 72 74.67261881037788
23 73 197.2308292331602
23 74 82.09750300709517
23 75 88.52683209061533
23 76 12.649110640673518
23 77 59.90826320300064
23 78 175.93180496999398
23 79 135.72398461583714
23 80 78.79086241436883
23 81 154.7384890710776
23 82 111.51681487560519
23 83 82.61961026293939
23 84 154.93547043850222
23 85 149.57606760441325
23 86 22.627416997969522
23 87 74.0
23 88 88.3911760301898
23 89 89.96110270555825
23 90 6.4031242374328485
23 91 156.08010763707205
23 92 40.718546143004666
23 93 105.60303025955268
23 94 210.86725682286476
23 95 212.05895406702354
23 96 132.00378782444085
23 97 136.97079980784227
23 98 51.10772935672255
23 99 112.92918134831227
23 100 42.485291572496
24 0 122.34786471369249
24 1 147.05441169852742
24 2 209.76653689280377
24 3 227.16733920174352
24 4 177.15812146215595
24 5 203.73021376320204
24 6 214.55302374937528
24 7 212.52999788265186
24 8 160.65490966665163
24 9 170.51099671282202
24 10 108.25894882179486
24 11 5.0
24 12 168.00297616411441
24 13 93.15041599477696
24 14 201.357890334598
24 15 47.01063709417264
24 16 217.83020910791964
24 17 111.42710621747295
24 18 106.88779163215975
24 19 38.8329756778952
24 20 5.0990195135927845
24 21 175.5733464965568
24 22 217.36835096213983
24 23 74.68600939935136
24 25 260.5993092853471
24 26 95.13148795220224
24 27 197.77006851391846
24 28 167.8153747426022
24 29 258.2576233143951
24 30 65.06919393998976
24 31 173.6663467687393
24 32 54.48853090330111
24 33 145.08618128546908
24 34 120.44085685513866
24 35 84.52810183601665
24 36 152.7939789389621
24 37 176.0454486773231
24 38 122.67436570041843
24 39 209.88806540630173
24 40 48.373546489791295
24 41 264.02462006411446
24 42 222.31958978011812
24 43 100.90094152187085
24 44 161.37533888422976
24 45 45.60701700396552
24 46 142.08800090085018
24 47 149.96666296213968
24 48 32.57299494980466
24 49 97.09788875150684
24 50 153.48289807011074
24 51 218.50858106719744
24 52 167.14664220378464
24 53 205.08047201037937
24 54 158.25612152457168
24 55 125.29964086141668
24 56 142.87407042567241
24 57 236.57768280207665
24 58 92.00543462209176
24 59 110.30865786510141
24 60 153.2351134694656
24 61 111.8257573191436
24 62 48.38388161361178
24 63 171.95929750961417
24 64 89.45389874119518
24 65 45.48626166217664
24 66 89.1403387922662
24 67 204.29880077964236
24 68 66.48308055437865
24 69 166.73631877908304
24 70 226.34486961272174
24 71 108.40664186294121
24 72 100.08995953640904
24 73 245.68679248181007
24 74 40.8166632639171
24 75 148.00337833982033
24 76 87.23531395025755
24 77 104.80935072788114
24 78 249.0180716333656
24 79 197.0913493789111
24 80 106.4048871058092
24 81 171.0263137648707
24 82 61.40032573203501
24 83 35.77708763999664
24 84 146.4137971640651
24 85 138.84163640637487
24 86 70.7248188403477
24 87 98.2344135219425
24 88 96.13012014972206
24 89 149.05368160498418
24 90 73.57309290766564
24 91 210.10711553871752
24 92 84.09518416651456
24 93 82.28000972289685
24 94 219.9659064491586
24 95 222.46123257772354
24 96 178.4628812946827
24 97 198.12369873389704
24 98 111.22050170719426
24 99 172.86121600868137
24 100 86.14522621712709
25 0 138.4088147481944
25 1 241.40629652103112
25 2 104.08650248711405
25 3 33.60059523282288
25 4 93.02150289046077
25 5 136.6235704408284
25 6 230.15864094141676
25 7 212.42645786248002
25 8 171.6566340110396
25 9 151.2679741386127
25 10 160.0
25 11 255.69708641280997
25 12 193.0932417253385
25 13 170.74249617479535
25 14 83.21658488546619
25 15 274.71075697904513
25 16 140.57738082636197
25 17 161.4187101918486
25 18 153.7172729396407
25 19 227.7981562699751
25 20 258.0426321366297
25 21 99.32774033471213
25 22 229.68892006363737
25 23 189.76301009416983
25 24 260.5993092853471
25 26 264.6393772664983
25 27 82.73451516749222
25 28 98.47842403288143
25 29 5.385164807134504
25 30 195.57607215607945
25 31 150.11995203836165
25 32 271.15493725912495
25 33 123.8789731956154
25 34 151.61134522191932
25 35 250.92827660508888
25 36 109.04127658827184
25 37 130.38404810405297
25 38 149.81655449248592
25 39 139.83204210766573
25 40 226.3183598385248
25 41 4.123105625617661
25 42 102.61578825892242
25 43 230.3584163862914
25 44 183.46116755324545
25 45 223.6604569431083
25 46 247.42069436488129
25 47 126.56223765404908
25 48 290.65615424415154
25 49 262.6404386228442
25 50 108.2266141020775
25 51 136.6235704408284
25 52 201.12185361118767
25 53 138.91724155050014
25 54 168.88161534045085
25 55 148.49915824677257
25 56 125.67020331009256
25 57 116.46887996370532
25 58 211.53959440256097
25 59 150.57224179774968
25 60 125.7179382586272
25 61 160.58953888718904
25 62 217.22108553268947
25 63 153.16004700965587
25 64 203.59273071502332
25 65 271.1180554666177
25 66 207.23416706711276
25 67 107.00467279516349
25 68 194.3707796969493
25 69 170.23806859806652
25 70 34.9857113690718
25 71 161.24515496597098
25 72 233.92733914615454
25 73 118.53269591129698
25 74 271.31162894354526
25 75 119.41942890501528
25 76 178.86866690396056
25 77 164.47796204963143
25 78 27.892651361962706
25 79 180.02499826412998
25 80 233.22521304524517
25 81 197.02284131541703
25 82 300.32315928013276
25 83 272.2498852157701
25 84 242.53865671269807
25 85 243.82165613415063
25 86 189.9315666233499
25 87 234.7977853387889
25 88 204.46271053666484
25 89 183.60010893242955
25 90 188.83061192507955
25 91 210.40199618824911
25 92 209.24626639440905
25 93 243.1830586204557
25 94 233.98504225697846
25 95 231.6139028642279
25 96 126.3210196285638
25 97 181.04419349981927
25 98 186.48860555004427
25 99 99.62429422585637
25 100 209.05740838343903
26 0 141.12760183606892
26 1 61.5223536610881
26 2 181.20706387997132
26 3 232.43278598338918
26 4 205.35091916034852
26 5 161.24515496597098
26 6 134.4953530795767
26 7 138.32208789632983
26 8 110.34491379306978
26 9 128.8875478857442
26 10 154.5639026422405
26 11 93.60021367496978
26 12 104.10091258005379
26 13 138.00362314084367
26 14 186.59314028120113
26 15 142.04224723651762
26 16 271.5879231482873
26 17 161.7714437099453
26 18 132.1854757528224
26 19 115.42096863222038
26 20 90.44335243676011
26 21 165.71059109181888
26 22 137.6117727521886
26 23 128.51459061133875
26 24 95.13148795220224
26 25 264.6393772664983
26 27 185.15128949051368
26 28 194.3707796969493
26 29 260.71632093139084
26 30 105.62196741208714
26 31 131.64345787011217
26 32 43.965895873961216
26 33 141.7603611733548
26 34 114.97825881443848
26 35 16.278820596099706
26 36 161.20794025109308
26 37 144.61673485458036
26 38 116.41735265844177
26 39 165.01212076693034
26 40 66.64833081180653
26 41 267.02996086581743
26 42 191.80198122021577
26 43 186.20687420178666
26 44 104.01922899156675
26 45 73.824115301167
26 46 54.08326913195984
26 47 190.85072700935672
26 48 91.67878707749138
26 49 3.1622776601683795
26 50 162.18816233005415
26 51 270.9686328710392
26 52 99.29753269845128
26 53 161.31955864060626
26 54 222.3083444227859
26 55 117.17508267545622
26 56 140.24621207005913
26 57 198.69826370655582
26 58 53.600373133029585
26 59 131.00381673829202
26 60 194.92819190666086
26 61 106.88779163215975
26 62 117.88553770501282
26 63 128.76334882255898
26 64 62.80127387243033
26 65 140.61649974309557
26 66 58.855755878248644
26 67 246.2925090212855
26 68 103.74005976477939
26 69 115.43396380615195
26 70 230.25637884757938
26 71 108.04628637764465
26 72 186.47251808242416
26 73 206.55265672462312
26 74 135.91173606425605
26 75 146.5639792036229
26 76 138.52075656738234
26 77 105.68348972285122
26 78 262.94486114012574
26 79 264.0549185302179
26 80 192.4266093865399
26 81 104.70912090166739
26 82 152.31546211727817
26 83 130.6981254647518
26 84 60.40695324215582
26 85 52.46903848937962
26 86 108.24047302187847
26 87 184.91078930121952
26 88 60.440052945046304
26 89 218.38727069131113
26 90 123.03251602726817
26 91 284.29737951659
26 92 160.18114745499858
26 93 24.08318915758459
26 94 139.04315876734103
26 95 142.41137595009747
26 96 148.44864431849825
26 97 265.32432983049256
26 98 179.10890541790488
26 99 165.08482668010407
26 100 162.40997506310995
27 0 81.60882305241266
27 1 158.67577004697347
27 2 33.421549934136806
27 3 55.731499172371095
27 4 82.365041127896
27 5 61.91122676865643
27 6 153.05554547287727
27 7 136.12494260788506
27 8 89.08984229416954
27 9 69.02897942168927
27 10 117.83462988442744
27 11 192.77447963877376
27 12 111.11255554616679
27 13 121.03718436910205
27 14 5.0990195135927845
27 15 222.5690903966676
27 16 164.2954655491137
27 17 123.25988804148737
27 18 96.79876032264049
27 19 171.75855146105536
27 20 194.2498391247725
27 21 22.20360331117452
27 22 153.1012736720371
27 23 137.56816492197603
27 24 197.77006851391846
27 25 82.73451516749222
27 26 185.15128949051368
27 28 77.62087348130012
27 29 78.08969202141856
27 30 134.71822445385777
27 31 68.18357573492314
27 32 197.43353311937665
27 33 52.69724850502159
27 34 78.56844150166147
27 35 172.53985046939155
27 36 52.46903848937962
27 37 48.010415536631214
27 38 76.4198926981712
27 39 67.42403132415029
27 40 156.40012787718558
27 41 84.34453153583817
27 42 41.6293165929973
27 43 197.7321420508057
27 44 101.01980003939822
27 45 155.43809056984713
27 46 164.75436261295178
27 47 105.01904589168576
27 48 224.4504399639261
27 49 182.91254740995763
27 50 52.3450093132096
27 51 161.19863522995473
27 52 119.06720791217035
27 53 64.66065264130884
27 54 160.72336482291553
27 55 74.24957912338628
27 56 54.91812087098393
27 57 62.24146527838174
27 58 133.4541119636259
27 59 91.54780172128658
27 60 107.00467279516349
27 61 87.72684879784524
27 62 162.04937519163718
27 63 71.11258679024411
27 64 126.82665335015349
27 65 219.02054698132775
27 66 130.09611831257686
27 67 125.60652849274993
27 68 132.59336333316233
27 69 88.02272433866155
27 70 52.46903848937962
27 71 90.13878188659973
27 72 200.90047287151916
27 73 69.8927750200262
27 74 217.91053209975877
27 75 50.11985634456667
27 76 130.24976007655445
27 77 93.72299611087985
27 78 90.4267659490264
27 79 189.1718795170149
27 80 202.41788458533006
27 81 115.27792503337315
27 82 247.38835865901208
27 83 217.34994824015948
27 84 159.81239000778382
27 85 161.20794025109308
27 86 129.29423807734048
27 87 201.0994778710278
27 88 126.24579200908045
27 89 171.04970037974343
27 90 134.2609399639374
27 91 220.5130381632796
27 92 169.33103672983285
27 93 165.1575005865613
27 94 157.54364474646383
27 95 155.80115532305913
27 96 44.04543109109048
27 97 190.51509126575775
27 98 156.00320509528
27 99 25.059928172283335
27 100 170.0
28 0 53.33854141237835
28 1 192.3460423299632
28 2 110.01818031580054
28 3 68.15423684555495
28 4 11.0
28 5 132.43866504914644
28 6 211.9363111880548
28 7 197.4259354796122
28 8 136.19104228986575
28 9 122.80065146407001
28 10 62.24146527838174
28 11 163.1349134918703
28 12 159.7779709471866
28 13 75.0
28 14 82.63776376451628
28 15 177.05366418123066
28 16 92.80086206496145
28 17 63.00793600809346
28 18 64.8459713474939
28 19 132.2800060477773
28 20 166.01204775557707
28 21 68.41052550594829
28 22 212.8497122384712
28 23 94.02127418834527
28 24 167.8153747426022
28 25 98.47842403288143
28 26 194.3707796969493
28 27 77.62087348130012
28 29 97.6165969494942
28 30 104.65180361560904
28 31 123.84667940643382
28 32 188.88356201639147
28 33 64.40496875241847
28 34 83.18653737234169
28 35 178.63090438107287
28 36 41.182520563948
28 37 106.10372283760829
28 38 82.56512580987206
28 39 139.20129309744217
28 40 141.6827441857335
28 41 102.39628899525607
28 42 119.23086848631104
28 43 133.19534526401438
28 44 147.648230602334
28 45 137.2953021774598
28 46 195.5632889885011
28 47 30.265491900843113
28 48 199.46177578674065
28 49 193.2097306038182
28 50 40.311288741492746
28 51 90.44335243676011
28 52 166.37307474468338
28 53 135.2479205015737
28 54 83.74365647617735
28 55 83.19855767980596
28 56 64.47480127925948
28 57 139.84634424968
28 58 142.00352108310554
28 59 64.32728814430156
28 60 31.0
28 61 89.35882720806042
28 62 121.65936051122412
28 63 125.60254774486066
28 64 132.015150645674
28 65 173.4848696572701
28 66 136.01470508735443
28 67 57.271284253105414
28 68 104.27847332982968
28 69 138.43771162512041
28 70 68.9492567037528
28 71 87.05170877128145
28 72 136.7040599250805
28 73 147.4720312466062
28 74 174.0
28 75 59.941638282582836
28 76 82.21921916437786
28 77 89.0
28 78 82.07313811473277
28 79 112.0044641967453
28 80 136.61625086350452
28 81 164.730082255792
28 82 202.63267258761604
28 83 175.3681841155915
28 84 193.06216615380654
28 85 191.23022773609824
28 86 99.31767214348109
28 87 137.41906709041507
28 88 136.09188072769072
28 89 95.33624704172071
28 90 94.30270409696638
28 91 143.1258187749506
28 92 110.78808600206071
28 93 170.57549648176317
28 94 217.26711670199887
28 95 216.60332407421637
28 96 103.9471019317037
28 97 113.37107214805724
28 98 89.19641248391103
28 99 64.66065264130884
28 100 110.63905277974861
29 0 135.94851966829208
29 1 236.7530358833863
29 2 98.85848471426213
29 3 31.11269837220809
29 4 92.70382947861431
29 5 131.38112497615478
29 6 224.89997776789573
29 7 207.15211801958483
29 8 166.86821147240718
29 9 146.4137971640651
29 10 158.68522300453813
29 11 253.33771926027913
29 12 188.17013578142522
29 13 169.00887550658396
29 14 78.40918313565064
29 15 273.2123716086078
29 16 143.37712509323097
29 17 160.37767924496225
29 18 151.38031576133008
29 19 225.88713996153035
29 20 255.6188568944005
29 21 95.1892851112981
29 22 224.4147945212169
29 23 187.97074240423694
29 24 258.2576233143951
29 25 5.385164807134504
29 26 260.71632093139084
29 27 78.08969202141856
29 28 97.6165969494942
29 30 193.19679086361657
29 31 145.2205219657332
29 32 267.88430338487547
29 33 120.3536455617361
29 34 148.12494725737457
29 35 247.135590314305
29 36 106.21205204683694
29 37 125.57467897629681
29 38 146.2942240828393
29 39 134.5362404707371
29 40 223.32263655975405
29 41 6.324555320336759
29 42 97.26767191621273
29 43 230.07824755939012
29 44 178.63090438107287
29 45 220.8008152158864
29 46 242.8373941550189
29 47 126.21014222319853
29 48 288.0902636327719
29 49 258.68320393871727
29 50 105.4229576515476
29 51 139.44532978913278
29 52 196.2065238466856
29 53 133.6600164596728
29 54 169.85287751463028
29 55 144.90341610879986
29 56 122.18837915284743
29 57 111.08555261599052
29 58 207.74022239325728
29 59 148.07092894960846
29 60 125.53883861180172
29 61 157.15597347857954
29 62 215.3369452741447
29 63 148.27339613025663
29 64 199.92248497855363
29 65 269.6145396672813
29 66 203.5313243704762
29 67 109.07336980216573
29 68 191.91925385432282
29 69 165.36626016210198
29 70 32.01562118716424
29 71 157.95252451290546
29 72 233.63432966925043
29 73 113.17685275708986
29 74 269.71281022598833
29 75 115.97413504743201
29 76 177.2596964907703
29 77 161.22654868228122
29 78 31.38470965295043
29 79 182.17573932881405
29 80 233.0772404161333
29 81 192.06509313251067
29 82 298.8193434167206
29 83 270.542048487846
29 84 237.8949347926517
29 85 239.26972228010797
29 86 187.5446613476374
29 87 234.4632167313244
29 88 200.63897926375125
29 89 184.39088914585776
29 90 186.86893802876924
29 91 212.76277869965884
29 92 208.38665984174708
29 93 239.42639787625757
29 94 228.70505022845472
29 95 226.3183598385248
29 96 121.49897118905987
29 97 183.22117781522965
29 98 186.1316738225926
29 99 95.63472172804185
29 100 208.25465180878913
30 0 57.28001396647874
30 1 132.24598292575845
30 2 150.57224179774968
30 3 162.1141573089778
30 4 114.63420083029322
30 5 150.47923444781344
30 6 185.17289218457435
30 7 178.13758727455584
30 8 116.49892703368559
30 9 120.06664815842908
30 10 51.0098029794274
30 11 60.14149981501958
30 12 131.3202193114221
30 13 34.0147027033899
30 14 138.6542462386205
30 15 89.28605714219886
30 16 168.2973558912914
30 17 57.21887800367987
30 18 41.86884283091664
30 19 38.07886552931954
30 20 62.48199740725323
30 21 112.71202242884297
30 22 187.4593289223025
30 23 23.323807579381203
30 24 65.06919393998976
30 25 195.57607215607945
30 26 105.62196741208714
30 27 134.71822445385777
30 28 104.65180361560904
30 29 193.19679086361657
30 31 123.03657992645927
30 32 87.36704184073076
30 33 82.29216244576394
30 34 61.18823416311342
30 35 89.5377015563835
30 36 87.86353054595519
30 37 120.20815280171308
30 38 63.34824385884742
30 39 157.31814898478814
30 40 41.10960958218893
30 41 198.97989848223364
30 42 163.21764610482532
30 43 92.43916918709297
30 44 121.45781160551181
30 45 35.014282800023196
30 46 130.96946208945045
30 47 91.41115905621152
30 48 95.44108130150245
30 49 105.6882207249228
30 50 88.52683209061533
30 51 168.1071087134628
30 52 133.41664064126334
30 53 152.3285921946369
30 54 116.69190203266035
30 55 66.2872536767062
30 56 80.05623023850174
30 57 179.51323071016242
30 58 67.17886572427373
30 59 45.27692569068709
30 60 95.1892851112981
30 61 54.230987451824994
30 62 30.01666203960727
30 63 122.14745187681976
30 64 58.137767414994535
30 65 85.86617494683223
30 66 60.8276253029822
30 67 147.648230602334
30 68 3.1622776601683795
30 69 122.18428704215611
30 70 161.27616066858735
30 71 49.49747468305833
30 72 94.02127418834527
30 73 188.73261509341728
30 74 84.11896337925236
30 75 84.59905436823747
30 76 32.984845004941285
30 77 46.2709412050371
30 78 184.71599822430107
30 79 158.43295111813072
30 80 98.79271228182775
30 81 135.55810562264435
30 82 113.29607230614837
30 83 83.00602387778854
30 84 132.23085872821065
30 85 126.66885963013956
30 86 5.656854249492381
30 87 93.05912099305473
30 88 66.06814663663572
30 89 113.1591799192624
30 90 17.46424919657298
30 91 179.3348822733603
30 92 61.40032573203501
30 93 82.46211251235322
30 94 190.97905644337024
30 95 192.41881404893857
30 96 121.82364302548172
30 97 159.70284906663375
30 98 74.43117626371358
30 99 109.65856099730654
30 100 63.41135544995076
31 0 93.94147114027967
31 1 93.30058949438637
31 2 51.478150704935004
31 3 123.79418403139947
31 4 132.6386067478093
31 5 30.886890422961002
31 6 88.68483523128404
31 7 73.60027173862879
31 8 22.847319317591726
31 9 3.1622776601683795
31 10 133.41664064126334
31 11 169.04733065032408
31 12 43.0
31 13 127.4872542648872
31 14 67.0
31 15 210.05237442123808
31 16 216.6333307688362
31 17 141.36477637657833
31 18 102.18121158021175
31 19 160.11246047700348
31 20 169.09760495051373
31 21 59.61543424315552
31 22 89.35882720806042
31 23 136.94524453225822
31 24 173.6663467687393
31 25 150.11995203836165
31 26 131.64345787011217
31 27 68.18357573492314
31 28 123.84667940643382
31 29 145.2205219657332
31 30 123.03657992645927
31 32 155.6181223379848
31 33 62.625873247404705
31 34 64.76109943476871
31 35 122.57650672131263
31 36 83.48652585896721
31 37 20.396078054371138
31 38 63.06346010171025
31 39 36.40054944640259
31 40 125.8729518204765
31 41 151.33076356114773
31 42 60.74537019394976
31 43 208.33866659840174
31 44 33.734255586866
31 45 128.06248474865697
31 46 100.30453628824571
31 47 141.76741515595182
31 48 193.1553778697347
31 49 128.8875478857442
31 50 84.21995013059554
31 51 214.2008403344861
31 52 51.0098029794274
31 53 31.78049716414141
31 54 195.64508682816444
31 55 60.166435825965294
31 56 63.60031446463138
31 57 67.47592163134935
31 58 88.32326986700618
31 59 96.20810776644555
31 60 145.16542288024377
31 61 69.46221994724903
31 62 153.0130713370593
31 63 3.1622776601683795
31 64 86.4060183089118
31 65 206.87435800504613
31 66 88.10221336606703
31 67 180.00555546982432
31 68 120.01666550941998
31 69 20.223748416156685
31 70 120.59850745345068
31 71 74.67261881037788
31 72 210.77476129745705
31 73 75.8023746329889
31 74 204.29880077964236
31 75 65.85590330410783
31 76 135.5949851580065
31 77 77.41446893184762
31 78 158.39823231336896
31 79 231.70023737579555
31 80 214.1821654573508
31 81 47.095647357266465
31 82 231.96982562393757
31 83 201.9504889818294
31 84 94.5568612000208
31 85 97.30878685915265
31 86 119.20570456148481
31 87 210.3188056261256
31 88 81.88406438373708
31 89 201.51674868357716
31 90 131.38112497615478
31 91 261.1225765804252
31 92 176.58992043715293
31 93 116.66190466471906
31 94 93.81364506296512
31 95 92.91393867445294
31 96 24.186773244895647
31 97 233.11156127485398
31 98 174.38463235044537
31 99 62.16912416947821
31 100 178.02527910383964
32 0 136.7040599250805
32 1 103.12128781197411
32 2 200.66140635408692
32 3 237.77720664521232
32 4 199.44924166313595
32 5 186.45374761586316
32 6 175.13994404475525
32 7 176.7766952966369
32 8 137.3062270984095
32 9 152.55490814785344
32 10 138.2931668593933
32 11 54.20332093147061
32 12 137.26616480400406
32 13 121.33424908079334
32 14 199.90497742677644
32 15 100.26464980241042
32 16 255.00784301664135
32 17 144.03124660989366
32 18 124.04031602668546
32 19 83.21658488546619
32 20 50.44799302251776
32 21 176.02556632489498
32 22 178.1796845883391
32 23 107.07474025184464
32 24 54.48853090330111
32 25 271.15493725912495
32 26 43.965895873961216
32 27 197.43353311937665
32 28 188.88356201639147
32 29 267.88430338487547
32 30 87.36704184073076
32 31 155.6181223379848
32 33 147.82760229402356
32 34 120.10412149464314
32 35 39.11521443121589
32 36 162.7912774076056
32 37 164.14932226482082
32 38 122.06555615733703
32 39 191.4001044931794
32 40 47.29693436154187
32 41 274.05473905772914
32 42 212.41704263076446
32 43 152.5319638633162
32 44 134.07833531186162
32 45 52.46903848937962
32 46 96.51942809610924
32 47 178.61970775925036
32 48 47.853944456021594
32 49 46.57252408878007
32 50 163.682619724881
32 51 255.00784301664135
32 52 134.12307780542466
32 53 187.1069213043708
32 54 199.96999774966244
32 55 123.81033882515628
32 56 145.89036979869508
32 57 222.75098204048393
32 58 67.42403132415029
32 59 124.91997438360288
32 60 182.45547402037573
32 61 110.9414259868693
32 62 88.76936408468859
32 63 153.16984037335808
32 64 71.449282711585
32 65 99.24716620639605
32 66 68.76772498781678
32 67 234.92339176846565
32 68 86.70063436907483
32 69 143.10835055998655
32 70 236.17154782064668
32 71 109.9317970379817
32 72 152.2005256232711
32 73 231.3114783144148
32 74 94.36630754670864
32 75 152.0131573252789
32 76 119.0
32 77 106.6770828247567
32 78 264.9169681239765
32 79 240.8692591427972
32 80 158.42032697857937
32 81 139.01438774457844
32 82 108.6876257906115
32 83 88.86506625215557
32 84 102.17631819555841
32 85 94.19129471453293
32 86 91.7877987534291
32 87 150.45597362683876
32 88 74.2024258363566
32 89 193.3959668659096
32 90 103.00485425454472
32 91 257.5616431070434
32 92 130.60245020672468
32 93 41.48493702538308
32 94 180.0444389588304
32 95 183.13383084509536
32 96 167.47537132366656
32 97 242.03305559365234
32 98 153.95129099815955
32 99 174.40183485273312
32 100 132.81566172707193
33 0 34.36568055487916
33 1 129.71121771072848
33 2 70.45565981523414
33 3 91.0
33 4 74.46475676452586
33 5 79.6994353806851
33 6 148.67750334196495
33 7 135.10366390294527
33 8 72.11102550927978
33 9 60.959002616512684
33 10 74.52516353554684
33 11 140.089257261219
33 12 95.524865872714
33 13 73.02739212103907
33 14 56.43580423808985
33 15 170.88007490635061
33 16 156.46085772486356
33 17 81.74350127074322
33 18 47.16990566028302
33 19 119.77478866606278
33 20 141.60508465447137
33 21 30.528675044947494
33 22 149.80320423809366
33 23 87.47571091451616
33 24 145.08618128546908
33 25 123.8789731956154
33 26 141.7603611733548
33 27 52.69724850502159
33 28 64.40496875241847
33 29 120.3536455617361
33 30 82.29216244576394
33 31 62.625873247404705
33 32 147.82760229402356
33 34 27.784887978899608
33 35 127.47156545677157
33 36 23.40939982143925
33 37 48.84669896727925
33 38 25.942243542145693
33 39 86.97700845625813
33 40 104.7377677822093
33 41 126.58988901172162
33 42 82.87339742040264
33 43 153.46986674914396
33 44 83.35466393669883
33 45 103.27632836231156
33 46 133.73481222179961
33 47 79.2464510246358
33 48 172.15400082484288
33 49 139.97856978837868
33 50 24.351591323771842
33 51 154.3502510525979
33 52 102.0
33 53 82.21921916437786
33 54 133.13526955694348
33 55 24.698178070456937
33 56 2.23606797749979
33 57 101.07917688624102
33 58 88.23264701911646
33 59 41.30375285612676
33 60 82.73451516749222
33 61 36.89173349139343
33 62 110.38568747804219
33 63 63.7808748764079
33 64 79.84985911070852
33 65 167.37084572887835
33 66 83.57032966310472
33 67 121.67168939404104
33 68 80.06247560499239
33 69 74.81310045707235
33 70 89.05054744357274
33 71 38.28837943815329
33 72 156.32018423735306
33 73 110.16351483136329
33 74 166.01204775557707
33 75 5.0
33 76 82.09750300709517
33 77 41.773197148410844
33 78 121.27654348636426
33 79 169.17742166140255
33 80 158.80806024884254
33 81 100.4987562112089
33 82 195.386795869117
33 83 165.19685227025363
33 84 130.54118124178285
33 85 129.5569372901351
33 86 76.96752561957543
33 87 156.20499351813308
33 88 81.32035415564789
33 89 139.5886814895821
33 90 83.43260753446461
33 91 198.4968513604183
33 92 123.00406497347964
33 93 119.61605243444544
33 94 154.1590088188167
33 95 153.8083222715858
33 96 48.38388161361178
33 97 170.59015211904818
33 98 115.44695751729449
33 99 27.80287754891569
33 100 124.03628501370073
34 0 35.22782990761707
34 1 109.73149046650191
34 2 89.88882021697692
34 3 118.59595271340417
34 4 94.04786015641186
34 5 90.0
34 6 141.1134295522577
34 7 130.09611831257686
34 8 64.89992295835181
34 9 62.0966987850401
34 10 70.7248188403477
34 11 115.48592987892508
34 12 85.63293758829018
34 13 62.96824596572466
34 14 81.68843247363729
34 15 150.37286989347513
34 16 170.985379491932
34 17 79.05694150420949
34 18 38.58756276314948
34 19 99.24716620639605
34 20 116.61903789690601
34 21 56.568542494923804
34 22 142.76203977248295
34 23 72.44308110509934
34 24 120.44085685513866
34 25 151.61134522191932
34 26 114.97825881443848
34 27 78.56844150166147
34 28 83.18653737234169
34 29 148.12494725737457
34 30 61.18823416311342
34 31 64.76109943476871
34 32 120.10412149464314
34 33 27.784887978899608
34 35 100.2845950283492
34 36 46.389654018972806
34 37 59.21148537234985
34 38 2.23606797749979
34 39 97.02061636580135
34 40 77.83315488916018
34 41 154.35349040433132
34 42 102.52804494381037
34 43 143.58621103713267
34 44 73.7563556583431
34 45 77.00649323271382
34 46 112.53888216967503
34 47 89.55445270895244
34 48 146.03081866510234
34 49 113.35784048754634
34 50 47.38143096192854
34 51 169.38713056191725
34 52 90.55385138137417
34 53 92.02173656261873
34 54 137.90213921473443
34 55 5.0990195135927845
34 56 25.942243542145693
34 57 118.35962149314267
34 58 61.39218191268331
34 59 33.015148038438355
34 60 93.53608929178085
34 61 9.219544457292887
34 62 90.93404203047393
34 63 64.5600495662759
34 64 52.49761899362675
34 65 146.98639392814562
34 66 56.32051136131489
34 67 139.2838827718412
34 68 58.463663928973865
34 69 69.46221994724903
34 70 116.73045875006231
34 71 12.083045973594572
34 72 146.01369798755184
34 73 127.57742747053649
34 74 145.06550244630873
34 75 32.202484376209235
34 76 70.8801805866774
34 77 15.652475842498529
34 78 148.08105888330215
34 79 177.1016657177453
34 80 149.45233353815524
34 81 90.55385138137417
34 82 173.95401691251627
34 83 143.58969322343438
34 84 110.3675676999362
34 85 108.17116066678771
34 86 56.568542494923804
34 87 145.5609837834301
34 88 54.74486277268398
34 89 141.35416513141735
34 90 67.11929677819934
34 91 204.41379601191306
34 92 111.83022847155415
34 93 92.34717104492157
34 94 146.8638825579659
34 95 147.27185746095552
34 96 60.67124524847005
34 97 178.5077029150283
34 98 110.9414259868693
34 99 54.56189146281496
34 100 113.26517558367179
35 0 125.32358118087753
35 1 64.4980619863884
35 2 170.74249617479535
35 3 218.40329667841556
35 4 189.59430371189953
35 5 152.8953890737062
35 6 136.0588108135596
35 7 137.7679207943562
35 8 102.41581909060729
35 9 119.6703806294607
35 10 138.2931668593933
35 11 82.365041127896
35 12 99.53893710503444
35 13 121.75385004179539
35 14 174.26416728633572
35 15 131.48764200486676
35 16 255.31353273964936
35 17 145.52319402761884
35 18 116.06894502837527
35 19 101.23734488813898
35 20 79.60527620704548
35 21 152.50245899656832
35 22 139.0898989862312
35 23 112.53888216967503
35 24 84.52810183601665
35 25 250.92827660508888
35 26 16.278820596099706
35 27 172.53985046939155
35 28 178.63090438107287
35 29 247.135590314305
35 30 89.5377015563835
35 31 122.57650672131263
35 32 39.11521443121589
35 33 127.47156545677157
35 34 100.2845950283492
35 36 146.24978632463024
35 37 133.9589489358587
35 38 101.83319694480774
35 39 157.20050890502867
35 40 51.31276644267
35 41 253.4324367558344
35 42 181.79383927955314
35 43 171.8254928699464
35 44 97.6165969494942
35 45 58.52349955359813
35 46 58.463663928973865
35 47 174.6453549339346
35 48 86.20904824900923
35 49 16.15549442140351
35 50 147.220922426128
35 51 254.70178640912593
35 52 95.81753492967766
35 53 153.22206107476822
35 54 206.1892334725555
35 55 102.7861858422619
35 56 125.86500705120545
35 57 190.03157632351525
35 58 39.395431207184416
35 59 115.0173899895142
35 60 178.71765441612084
35 61 91.92388155425118
35 62 103.00485425454472
35 63 119.85407794480753
35 64 47.80167361086848
35 65 129.76902558006668
35 66 43.965895873961216
35 67 230.17601960239037
35 68 87.5956619930462
35 69 107.89810007595129
35 70 216.33538776631067
35 71 92.76313923105448
35 72 172.246915792417
35 73 198.20443990990717
35 74 125.23977004130916
35 75 132.18925826253812
35 76 122.38055401083949
35 77 90.2551937563706
35 78 248.3646512690564
35 79 247.95160818191923
35 80 178.10390225932727
35 81 100.90094152187085
35 82 143.8923208513922
35 83 120.30378215168466
35 84 63.63961030678928
35 85 55.731499172371095
35 86 92.04890004774636
35 87 170.74249617479535
35 88 46.51881339845203
35 89 202.47468977627796
35 90 106.97663296253066
35 91 268.47718711279737
35 92 145.0551619212498
35 93 8.06225774829855
35 94 141.00354605470034
35 95 144.05554484295286
35 96 137.64446955835166
35 97 249.22680433693324
35 98 163.29421300217592
35 99 151.6377261765686
35 100 147.27525250360293
36 0 31.064449134018133
36 1 152.7776161615307
36 2 79.2464510246358
36 3 75.45197147855052
36 4 51.07837115648854
36 5 95.77055915050303
36 6 171.011695506477
36 7 156.84705926475002
36 8 95.01578816175763
36 9 82.21921916437786
36 10 65.37583651472461
36 11 147.82760229402356
36 12 118.59595271340417
36 13 69.28924880528002
36 14 57.3149195236284
36 15 172.70784579746226
36 16 133.70115930686615
36 17 71.00704190430693
36 18 46.87216658103186
36 19 122.87391912037315
36 20 149.90663761154806
36 21 34.52535300326414
36 22 172.00290695217916
36 23 86.76404785393545
36 24 152.7939789389621
36 25 109.04127658827184
36 26 161.20794025109308
36 27 52.46903848937962
36 28 41.182520563948
36 29 106.21205204683694
36 30 87.86353054595519
36 31 83.48652585896721
36 32 162.7912774076056
36 33 23.40939982143925
36 34 46.389654018972806
36 35 146.24978632463024
36 37 67.00746227100382
36 38 45.17742799230607
36 39 102.88342918079665
36 40 117.34564329364768
36 41 112.2007130102122
36 42 90.55385138137417
36 43 145.34441853748632
36 44 106.47065323364932
36 45 114.62111498323509
36 46 156.55350523063993
36 47 59.36328831862332
36 48 182.03571078225283
36 49 159.65587994182988
36 50 1.0
36 51 131.46862743635836
36 52 125.21980673998823
36 53 98.48857801796105
36 54 114.94781424629178
36 55 45.0111097397076
36 56 23.769728648009426
36 57 110.47624178980746
36 58 107.68936809174804
36 59 42.638011210655684
36 60 62.42595614005443
36 61 54.3415126767741
36 62 112.6809655620682
36 63 85.0411665018772
36 64 98.48857801796105
36 65 169.11830178901394
36 66 102.39140588936164
36 67 98.38699100999075
36 68 86.31338250816034
36 69 97.3498844375277
36 70 74.2024258363566
36 71 53.75872022286245
36 72 148.48568954616468
36 73 119.07980517283357
36 74 168.43990026119107
36 75 18.788294228055936
36 76 78.43468620451031
36 77 56.64803615307419
36 78 102.52804494381037
36 79 148.8388390172404
36 80 150.11995203836165
36 81 123.54756169184401
36 82 197.9595918363139
36 83 168.4339633209407
36 84 153.57408635573907
36 85 152.31874474272692
36 86 82.21921916437786
36 87 148.66068747318505
36 88 101.11874208078342
36 89 123.13001258832064
36 90 84.21995013059554
36 91 178.92177061498134
36 92 116.90166808048549
36 93 138.24615727028365
36 94 176.40011337864837
36 95 175.85505395068975
36 96 65.45991139621256
36 97 150.2431362824938
36 98 104.17293314484334
36 99 30.4138126514911
36 100 117.5457357797381
37 0 82.56512580987206
37 1 111.61093136427094
37 2 36.796738985948195
37 3 103.4842983258813
37 4 114.33722053644648
37 5 31.400636936215164
37 6 108.2266141020775
37 7 92.43916918709297
37 8 41.30375285612676
37 9 21.02379604162864
37 10 122.80065146407001
37 11 171.2337583538947
37 12 63.12685640834652
37 13 119.21828718783037
37 14 47.16990566028302
37 15 209.0598000573042
37 16 198.600100704909
37 17 130.29197979921864
37 18 93.2148056909416
37 19 158.15182578775372
37 20 171.77310616042314
37 21 39.824615503479755
37 22 108.70602559196064
37 23 131.03434664239754
37 24 176.0454486773231
37 25 130.38404810405297
37 26 144.61673485458036
37 27 48.010415536631214
37 28 106.10372283760829
37 29 125.57467897629681
37 30 120.20815280171308
37 31 20.396078054371138
37 32 164.14932226482082
37 33 48.84669896727925
37 34 59.21148537234985
37 35 133.9589489358587
37 36 67.00746227100382
37 38 57.14017850864661
37 39 38.63935817272331
37 40 129.6919426949878
37 41 131.7459676802292
37 42 48.27007354458868
37 43 200.4120754844877
37 44 53.08483775994799
37 45 130.78226179417453
37 46 118.1397477566293
37 47 126.24579200908045
37 48 198.2447981663075
37 49 142.0563268566381
37 50 67.62396025078685
37 51 196.02550854416882
37 52 71.06335201775947
37 53 33.734255586866
37 54 181.27603261324978
37 55 54.147945482723536
37 56 50.32891812864648
37 57 60.53924347066124
37 58 97.0
37 59 87.13208364316786
37 60 129.40247292845683
37 61 66.09841147864296
37 62 150.08331019803634
37 63 23.194827009486403
37 64 93.00537618869137
37 65 205.73040611440985
37 66 95.42536350467836
37 67 161.40012391568973
37 68 117.38824472663352
37 69 40.01249804748511
37 70 100.31948963187563
37 71 70.71067811865476
37 72 203.08126452235814
37 73 69.6419413859206
37 74 203.59273071502332
37 75 51.0
37 76 127.88275880665071
37 77 73.97972695272672
37 78 138.0507153186828
37 79 215.84485168750263
37 80 205.99514557387025
37 81 67.36467917239716
37 82 232.1077336066164
37 83 201.79197209007103
37 84 112.80514172678478
37 85 114.84337159801605
37 86 115.73245007343446
37 87 202.80532537386685
37 88 90.02777349240623
37 89 188.27904822364064
37 90 126.00396819148197
37 91 245.86378342488754
37 92 169.1862878604528
37 93 127.34991166074674
37 94 113.17685275708986
37 95 112.0044641967453
37 96 4.123105625617661
37 97 217.24870540465827
37 98 163.88410539158457
37 99 42.720018726587654
37 100 170.42593699317015
38 0 35.608987629529715
38 1 110.06361796706484
38 2 87.66413177577246
38 3 116.86744627996283
38 4 93.38094023943002
38 5 88.0056816347672
38 6 140.2640367307315
38 7 129.0348790056394
38 8 63.8200595424354
38 9 60.440052945046304
38 10 71.8679344353238
38 11 117.72000679578642
38 12 84.86459803710851
38 13 64.51356446515724
38 14 79.51100552753688
38 15 152.55490814785344
38 16 170.90640713560157
38 17 80.15609770940699
38 18 39.824615503479755
38 19 101.41498903022176
38 20 118.84864324004712
38 21 54.45181356024793
38 22 141.8731828077456
38 23 74.33034373659252
38 24 122.67436570041843
38 25 149.81655449248592
38 26 116.41735265844177
38 27 76.4198926981712
38 28 82.56512580987206
38 29 146.2942240828393
38 30 63.34824385884742
38 31 63.06346010171025
38 32 122.06555615733703
38 33 25.942243542145693
38 34 2.23606797749979
38 35 101.83319694480774
38 36 45.17742799230607
38 37 57.14017850864661
38 39 95.04735661763561
38 40 79.98124780221924
38 41 152.5319638633162
38 42 100.30453628824571
38 43 145.27904184706065
38 44 72.91776189653656
38 45 79.20227269466452
38 46 113.03096920755833
38 47 89.69392398596462
38 48 148.22280526288793
38 49 114.75626344561765
38 50 46.17358552246078
38 51 169.26015479137433
38 52 89.9388681271896
38 53 90.0499861188218
38 54 138.59292911256333
38 55 3.0
38 56 24.166091947189145
38 57 116.18089343777659
38 58 62.81719509815764
38 59 34.132096331752024
38 60 93.64827814754524
38 61 11.313708498984761
38 62 93.05912099305473
38 63 62.93647591023825
38 64 54.08326913195984
38 65 149.164338901763
38 66 57.87054518492115
38 67 138.88484438555562
38 68 60.63827174318213
38 69 68.26419266350405
38 70 114.96521212958292
38 71 14.317821063276353
38 72 147.73286702694156
38 73 125.39936203984452
38 74 147.2582765076381
38 75 30.463092423455635
38 76 72.53275122315436
38 77 17.88854381999832
38 78 146.5639792036229
38 79 177.5894140989265
38 80 151.11915828246265
38 81 89.80534505250787
38 82 176.16185739256952
38 83 145.79780519610026
38 84 110.72488428533127
38 85 108.6830253535482
38 86 58.69412236331676
38 87 147.29901561110313
38 88 56.089214649520635
38 89 142.27438279606065
38 90 69.06518659932803
38 91 205.08047201037937
38 92 113.5649593844862
38 93 93.92017887546851
38 94 146.0
38 95 146.3488981851247
38 96 58.54912467321779
38 97 178.99720668211557
38 98 112.25417586887359
38 99 52.49761899362675
38 100 114.97825881443848
39 0 121.03718436910205
39 1 119.36498649101419
39 2 36.40054944640259
39 3 120.01666550941998
39 4 146.102703602637
39 5 7.280109889280518
39 6 90.55385138137417
39 7 72.69112738154499
39 8 54.817880294662984
39 9 39.56008088970496
39 10 161.29786111415117
39 11 205.23157651784484
39 12 65.5133574166368
39 13 157.83535725559088
39 14 63.812224534175265
39 15 245.3670719554684
39 16 229.8978033822855
39 17 168.6801707374047
39 18 131.84839779079607
39 19 194.92819190666086
39 20 205.36065835500236
39 21 70.80254232723568
39 22 89.94442728707543
39 23 169.29559947027565
39 24 209.88806540630173
39 25 139.83204210766573
39 26 165.01212076693034
39 27 67.42403132415029
39 28 139.20129309744217
39 29 134.5362404707371
39 30 157.31814898478814
39 31 36.40054944640259
39 32 191.4001044931794
39 33 86.97700845625813
39 34 97.02061636580135
39 35 157.20050890502867
39 36 102.88342918079665
39 37 38.63935817272331
39 38 95.04735661763561
39 40 162.22515218054195
39 41 140.07141035914503
39 42 38.01315561749642
39 43 239.0397456491284
39 44 61.61980201201558
39 45 164.28329190760695
39 46 127.3184982632139
39 47 162.1141573089778
39 48 229.53866776645717
39 49 162.1141573089778
39 50 103.3537614216338
39 51 227.00881040171106
39 52 72.94518489934754
39 53 5.0
39 54 217.83020910791964
39 55 92.04890004774636
39 56 88.60022573334675
39 57 34.9857113690718
39 58 124.35433245367851
39 59 125.76565508913791
39 60 164.98484778912274
39 61 103.12128781197411
39 62 187.32325002519042
39 63 38.48376280978771
39 64 122.7721466783081
39 65 242.1239352067449
39 66 124.39051410778879
39 67 191.62724232217087
39 68 154.39235732380018
39 69 49.57822102496216
39 70 116.46887996370532
39 71 108.04165863221463
39 72 241.69609016283238
39 73 41.86884283091664
39 74 239.7185850116757
39 75 88.60022573334675
39 76 166.4602054546371
39 77 111.11255554616679
39 78 154.1460346554526
39 79 250.7269431074371
39 80 244.63237725207185
39 81 67.53517601961218
39 82 267.7106647109898
39 83 237.56472802164888
39 84 120.7393887677091
39 85 125.09996003196804
39 86 153.11760186209813
39 87 241.40629652103112
39 88 118.06777714516353
39 89 225.61028345356956
39 90 164.1097193952875
39 91 281.3254343282882
39 92 207.76188293332345
39 93 151.72672803431834
39 94 94.2019108086455
39 95 91.78235124467012
39 96 38.600518131237564
39 97 252.1150531007619
39 98 202.33882474700698
39 99 74.63243262818116
39 100 209.02152999152983
40 0 89.96110270555825
40 1 105.19030373565806
40 2 164.63899902513984
40 3 192.7615106809448
40 4 152.2005256232711
40 5 156.26259949200897
40 6 168.5734261382855
40 7 165.33904560024533
40 8 112.29425630903836
40 9 122.71104269787622
40 10 92.02173656261873
40 11 44.10215414239989
40 12 120.10412149464314
40 13 75.02666192761077
40 14 159.45218719101973
40 15 90.60905032059435
40 16 209.40391591371923
40 17 98.32598842625484
40 18 76.84399781375251
40 19 51.22499389946279
40 20 43.56604182158393
40 21 134.3800580443393
40 22 171.26879458909028
40 23 62.81719509815764
40 24 48.373546489791295
40 25 226.3183598385248
40 26 66.64833081180653
40 27 156.40012787718558
40 28 141.6827441857335
40 29 223.32263655975405
40 30 41.10960958218893
40 31 125.8729518204765
40 32 47.29693436154187
40 33 104.7377677822093
40 34 77.83315488916018
40 35 51.31276644267
40 36 117.34564329364768
40 37 129.6919426949878
40 38 79.98124780221924
40 39 162.22515218054195
40 41 229.3926764306132
40 42 177.00282483621552
40 43 121.01652779682617
40 44 113.11056537742175
40 45 7.211102550927978
40 46 101.78899744078434
40 47 131.64345787011217
40 48 68.79680225126747
40 49 67.23094525588644
40 50 118.1905241548577
40 51 209.19369015340783
40 52 119.70797801316336
40 53 157.48650735856708
40 54 156.92354826475216
40 55 82.21921916437786
40 56 102.6498904042279
40 57 190.11838417154718
40 58 44.553338819890925
40 59 78.0
40 60 135.5322839769182
40 61 68.6804193347711
40 62 51.85556864985669
40 63 124.04031602668546
40 64 41.10960958218893
40 65 88.07383266328314
40 66 41.012193308819754
40 67 187.9627622695517
40 68 40.0
40 69 118.37651794169315
40 70 191.38442987871298
40 71 66.48308055437865
40 72 121.63058825805291
40 73 199.12307751739877
40 74 84.34453153583817
40 75 108.4665847162157
40 76 73.824115301167
40 77 62.96824596572466
40 78 218.69156362329116
40 79 198.48677537810926
40 80 127.34991166074674
40 81 123.3288287465668
40 82 109.00458705944443
40 83 80.62257748298549
40 84 104.80935072788114
40 85 97.94386147176351
40 86 45.0111097397076
40 87 120.20815280171308
40 88 48.010415536631214
40 89 152.16109883935513
40 90 57.87054518492115
40 91 217.846276075585
40 92 93.74433316206373
40 93 45.45327270945405
40 94 174.14074767268
40 95 176.36609651517495
40 96 132.41223508422476
40 97 199.7223072167954
40 98 112.72089424769483
40 99 132.23085872821065
40 100 95.96353474106714
41 0 141.76741515595182
41 1 242.98971171636055
41 2 104.58011283222064
41 3 36.87817782917155
41 4 97.04638066409278
41 5 137.05838172107534
41 6 230.52114870440846
41 7 212.73457640919588
41 8 173.04623659588788
41 9 152.55490814785344
41 10 163.8078142214223
41 11 259.1138745802702
41 12 194.25756098540927
41 13 174.41330224498358
41 14 84.5931439302264
41 15 278.4690287985362
41 16 144.3918280236108
41 17 165.3027525481654
41 18 157.13688300332294
41 19 231.40656861895687
41 20 261.4287665885298
41 21 101.51354589413178
41 22 229.9956521328175
41 23 193.4140636044856
41 24 264.02462006411446
41 25 4.123105625617661
41 26 267.02996086581743
41 27 84.34453153583817
41 28 102.39628899525607
41 29 6.324555320336759
41 30 198.97989848223364
41 31 151.33076356114773
41 32 274.05473905772914
41 33 126.58988901172162
41 34 154.35349040433132
41 35 253.4324367558344
41 36 112.2007130102122
41 37 131.7459676802292
41 38 152.5319638633162
41 39 140.07141035914503
41 40 229.3926764306132
41 42 102.61091559868278
41 43 234.4013651837378
41 44 184.78365728602733
41 45 226.81490250863146
41 46 249.09837414162303
41 47 130.58713566044705
41 48 293.97278785629123
41 49 265.0
41 50 111.40017953306898
41 51 140.4314779527724
41 52 202.2992832414391
41 53 139.30183056945089
41 54 173.0028901492689
41 55 151.15885683611134
41 56 128.41339493993607
41 57 115.8792474949678
41 58 214.03737991294884
41 59 153.91231269784754
41 60 129.76902558006668
41 61 163.37074401495514
41 62 220.83930809527547
41 63 154.39235732380018
41 64 206.196508214858
41 65 274.87451682540524
41 66 209.8118204487059
41 67 111.01801655587259
41 68 197.73972792537162
41 69 171.49344010777787
41 70 38.01315561749642
41 71 164.12495239907915
41 72 237.96848530845423
41 73 117.63077828527702
41 74 275.0363612324741
41 75 122.18837915284743
41 76 182.58422713914803
41 77 167.38578195294843
41 78 31.575306807693888
41 79 184.0108692441835
41 80 237.28674636397204
41 81 198.12369873389704
41 82 304.08058142538465
41 83 275.9365869180816
41 84 244.13520843991347
41 85 245.5402207378661
41 86 193.33132182861627
41 87 238.8325773423718
41 88 206.93960471596537
41 89 187.72320048411703
41 90 192.4162155328911
41 91 214.3361845326169
41 92 213.17832910500073
41 93 245.7173172570464
41 94 234.26907606425564
41 95 231.8361490363399
41 96 127.66362050325849
41 97 185.02432272541898
41 98 190.51771571168914
41 99 101.95096860746347
41 100 213.00234740490538
42 0 116.21101496846157
42 1 152.7121475194426
42 2 12.649110640673518
42 3 85.98255637046388
42 4 123.89108119634763
42 5 36.49657518178932
42 6 128.47178678604885
42 7 110.54863183232979
42 8 83.35466393669883
42 9 63.245553203367585
42 10 155.0290295396317
42 11 217.4235497824465
42 12 99.62429422585637
42 13 155.63097378092831
42 14 36.6742416417845
42 15 252.4836628378161
42 16 204.83163818121457
42 17 161.25135658344087
42 18 129.98846102635417
42 19 201.2411488736834
42 20 218.24756585125985
42 21 56.142675390472796
42 22 127.76932339180638
42 23 170.31735084835015
42 24 222.31958978011812
42 25 102.61578825892242
42 26 191.80198122021577
42 27 41.6293165929973
42 28 119.23086848631104
42 29 97.26767191621273
42 30 163.21764610482532
42 31 60.74537019394976
42 32 212.41704263076446
42 33 82.87339742040264
42 34 102.52804494381037
42 35 181.79383927955314
42 36 90.55385138137417
42 37 48.27007354458868
42 38 100.30453628824571
42 39 38.01315561749642
42 40 177.00282483621552
42 41 102.61091559868278
42 43 235.0
42 44 93.03762679690406
42 45 177.5894140989265
42 46 160.15305179733542
42 47 146.1642911247477
42 48 245.75801105966008
42 49 189.12958520548815
42 50 90.6697303403953
42 51 201.6035713969373
42 52 107.5174404457249
42 53 38.2099463490856
42 54 202.07176942858692
42 55 97.49871794028884
42 56 85.0
42 57 20.615528128088304
42 58 145.24806367039804
42 59 124.16923934694937
42 60 148.3138563991915
42 61 110.69326989478628
42 62 192.3460423299632
42 63 63.812224534175265
42 64 141.20906486483082
42 65 249.04015740438328
42 66 143.68020044529447
42 67 166.01204775557707
42 68 160.65490966665163
42 69 79.60527620704548
42 70 82.37718130647589
42 71 114.58621208504974
42 72 238.00840321299583
42 73 28.635642126552707
42 74 247.329739416836
42 75 82.29823813423954
42 76 164.77863939236784
42 77 118.10588469674151
42 78 118.96217886370441
42 79 230.76611536358627
42 80 240.03333101883996
42 81 102.48902380255166
42 82 276.3837911311009
42 83 246.02845363900494
42 84 154.02921800749363
42 85 157.41982086128797
42 86 158.24032355881985
42 87 238.03361107205006
42 88 138.2931668593933
42 89 211.9929244102265
42 90 166.1114083980989
42 91 262.1316463153581
42 92 205.29490982486632
42 93 175.36248173426378
42 94 131.97348218486925
42 95 129.40247292845683
42 96 45.0
42 97 232.1055794245369
42 98 194.65867563507155
42 99 60.207972893961475
42 100 206.196508214858
43 0 119.20570456148481
43 1 223.32935319836486
43 2 223.03587155433092
43 3 201.3156725145859
43 4 137.38267721950973
43 5 231.81242417092315
43 6 277.308492477241
43 7 269.47356085523495
43 8 205.9927183179056
43 9 205.6817930688081
43 10 80.05623023850174
43 11 99.53893710503444
43 12 222.80035906613796
43 13 81.21576201698781
43 14 202.63267258761604
43 15 72.3394774656273
43 16 138.42326394071193
43 17 74.54528824815154
43 18 107.20074626605917
43 19 70.80254232723568
43 20 103.61949623502326
43 21 179.0446871593793
43 22 279.5174413162799
43 23 72.61542535852834
43 24 100.90094152187085
43 25 230.3584163862914
43 26 186.20687420178666
43 27 197.7321420508057
43 28 133.19534526401438
43 29 230.07824755939012
43 30 92.43916918709297
43 31 208.33866659840174
43 32 152.5319638633162
43 33 153.46986674914396
43 34 143.58621103713267
43 35 171.8254928699464
43 36 145.34441853748632
43 37 200.4120754844877
43 38 145.27904184706065
43 39 239.0397456491284
43 40 121.01652779682617
43 41 234.4013651837378
43 42 235.0
43 44 212.32286735064596
43 45 113.89907813498755
43 46 221.16509670379727
43 47 103.87011119662864
43 48 128.2653499585917
43 49 187.25650856512306
43 50 145.41664278891878
43 51 140.45995870709916
43 52 225.39964507514205
43 53 234.10467744152402
43 54 76.27581530209953
43 55 148.1924424523734
43 56 151.5585695366646
43 57 254.12595302329905
43 58 158.40454538932903
43 59 113.28283188550682
43 60 104.65180361560904
43 61 139.77839604173457
43 62 69.29646455628166
43 63 208.12736485142938
43 64 150.08331019803634
43 65 70.11419257183242
43 66 152.41062955056645
43 67 140.73023839957068
43 68 95.524865872714
43 69 211.28653530218153
43 70 202.1410398706804
43 71 134.40610105199838
43 72 3.605551275463989
43 73 263.0684321616716
43 74 74.00675644831355
43 75 153.16004700965587
43 76 72.78049189171504
43 77 132.18925826253812
43 78 209.7546185427153
43 79 105.77334257741882
43 80 6.4031242374328485
43 81 227.2201575564985
43 82 92.04890004774636
43 83 79.02531240052139
43 84 223.1815404552984
43 85 217.03916697223107
43 86 93.94147114027967
43 87 5.0
43 88 158.11388300841898
43 89 61.773780845922005
43 90 78.79086241436883
43 91 112.01785571952357
43 92 31.953090617340916
43 93 166.42415690037308
43 94 283.12894588861803
43 95 284.42925306655786
43 96 200.8233054204616
43 97 106.48004507887852
43 98 44.01136216933077
43 99 175.07141400011596
43 100 30.364452901377952
44 0 108.18964830333815
44 1 59.80802621722272
44 2 84.75848040166836
44 3 156.1569723067145
44 4 157.41982086128797
44 5 58.82176467941097
44 6 67.35725647619564
44 7 57.245087125446844
44 8 12.165525060596439
44 9 32.2490309931942
44 10 144.20124826089406
44 11 157.20368952413298
44 12 12.206555615733702
44 13 134.6291201783626
44 14 100.24470060806208
44 15 202.35612172603032
44 16 239.774894432257
44 17 152.6106156202772
44 18 112.0044641967453
44 19 155.36408851468863
44 20 156.46085772486356
44 21 89.44271909999159
44 22 69.02897942168927
44 23 139.71399357258383
44 24 161.37533888422976
44 25 183.46116755324545
44 26 104.01922899156675
44 27 101.01980003939822
44 28 147.648230602334
44 29 178.63090438107287
44 30 121.45781160551181
44 31 33.734255586866
44 32 134.07833531186162
44 33 83.35466393669883
44 34 73.7563556583431
44 35 97.6165969494942
44 36 106.47065323364932
44 37 53.08483775994799
44 38 72.91776189653656
44 39 61.61980201201558
44 40 113.11056537742175
44 41 184.78365728602733
44 42 93.03762679690406
44 43 212.32286735064596
44 45 117.00427342623003
44 46 67.11929677819934
44 47 160.86018774078315
44 48 176.08236708995025
44 49 101.04454463255303
44 50 107.35455276791944
44 51 237.69728648009425
44 52 18.973665961010276
44 53 58.412327466040935
44 54 211.45448682872635
44 55 70.7248188403477
44 56 83.52843827104634
44 57 96.21330469326995
44 58 70.03570517957252
44 59 106.66770832824712
44 60 164.62381358722072
44 61 74.33034373659252
44 62 150.136604464068
44 63 30.59411708155671
44 64 72.02777242147643
44 65 199.49185447030163
44 66 72.24956747275377
44 67 204.84140206510986
44 68 118.29623831720095
44 69 13.601470508735444
44 70 153.08167754502824
44 71 79.61155694998057
44 72 214.30818929756276
44 73 103.47946656221224
44 74 196.25493624365222
44 75 87.70974860299168
44 76 141.4213562373095
44 77 81.12336284942828
44 78 190.51509126575775
44 79 249.96999819978396
44 80 218.5040045399626
44 81 17.204650534085253
44 82 222.03603311174518
44 83 193.06475597581243
44 84 61.09828148156051
44 85 64.41273166075166
44 86 118.92854997854805
44 87 213.55093069335942
44 88 65.27633568147036
44 89 215.10230124292022
44 90 133.5402561027947
44 91 277.89386463180506
44 92 180.42727066604982
44 93 93.03762679690406
44 94 73.10950690573696
44 95 73.60027173862879
44 96 57.14017850864661
44 97 251.38217916153087
44 98 183.61917111238685
44 99 91.21951545584969
44 100 182.15652609774924
45 0 86.35392289873113
45 1 111.64676439557037
45 2 165.12419568312816
45 3 190.06577808748213
45 4 147.6787053031005
45 5 158.14550262337528
45 6 173.92239648762893
45 7 170.1558109498468
45 8 115.52488909321661
45 9 124.90796611905904
45 10 86.02325267042627
45 11 41.0
45 12 124.4869471069156
45 13 69.02897942168927
45 14 158.67261893597143
45 15 85.70880934886448
45 16 203.19940944796076
45 17 92.0869154657707
45 18 72.61542535852834
45 19 44.40720662234904
45 20 41.10960958218893
45 21 133.30416347586447
45 22 176.57009939398006
45 23 56.089214649520635
45 24 45.60701700396552
45 25 223.6604569431083
45 26 73.824115301167
45 27 155.43809056984713
45 28 137.2953021774598
45 29 220.8008152158864
45 30 35.014282800023196
45 31 128.06248474865697
45 32 52.46903848937962
45 33 103.27632836231156
45 34 77.00649323271382
45 35 58.52349955359813
45 36 114.62111498323509
45 37 130.78226179417453
45 38 79.20227269466452
45 39 164.28329190760695
45 40 7.211102550927978
45 41 226.81490250863146
45 42 177.5894140989265
45 43 113.89907813498755
45 44 117.00427342623003
45 46 108.4665847162157
45 47 126.15070352558483
45 48 69.02897942168927
45 49 74.43117626371358
45 50 115.43396380615195
45 51 203.0615670184784
45 52 124.45882853377658
45 53 159.48040632002414
45 54 150.136604464068
45 55 81.60882305241266
45 56 101.13851887386922
45 57 191.31387822110554
45 58 49.72926703662542
45 59 74.24284477308234
45 60 129.98846102635417
45 61 68.00735254367721
45 62 44.68780594300866
45 63 126.37246535539299
45 64 45.09988913511872
45 65 83.02409288875127
45 66 45.5411901469428
45 67 182.45547402037573
45 68 34.23448553724738
45 69 121.59358535712317
45 70 188.80677953929515
45 71 65.29931086925804
45 72 114.5512985522207
45 73 200.38463014912097
45 74 79.51100552753688
45 75 106.77546534667971
45 76 67.36467917239716
45 77 61.71709649683789
45 78 215.24404753674375
45 79 191.637678967368
45 80 120.24142381059865
45 81 127.88275880665071
45 82 105.11898020814318
45 83 76.10519036176179
45 84 111.30588483993108
45 85 104.5609869884557
45 86 39.319206502675
45 87 113.14592347937243
45 88 52.46903848937962
45 89 145.16542288024377
45 90 51.35172830587107
45 91 210.77238908357992
45 92 86.53323061113575
45 93 52.630789467763066
45 94 179.53551180755298
45 95 181.66177363441105
45 96 133.33041663476493
45 97 192.86523792534516
45 98 105.6882207249228
45 99 130.96946208945045
45 100 88.75246475450696
46 0 146.10954794263105
46 1 8.602325267042627
46 2 151.71354586852158
46 3 218.01376103356412
46 4 206.32013958894075
46 5 125.39936203984452
46 6 80.8084154033477
46 7 86.4060183089118
46 8 77.4919350642375
46 9 98.35141076771599
46 10 171.67702234137218
46 11 139.46325680981354
46 12 61.85466837676846
46 13 157.25775020646836
46 14 164.7604321431575
46 15 188.692872149427
46 16 282.5402626175604
46 17 179.90275150758535
46 18 142.6954799564443
46 19 152.86922515666782
46 20 137.05838172107534
46 21 149.4824404403407
46 22 83.95236744726142
46 23 153.91231269784754
46 24 142.08800090085018
46 25 247.42069436488129
46 26 54.08326913195984
46 27 164.75436261295178
46 28 195.5632889885011
46 29 242.8373941550189
46 30 130.96946208945045
46 31 100.30453628824571
46 32 96.51942809610924
46 33 133.73481222179961
46 34 112.53888216967503
46 35 58.463663928973865
46 36 156.55350523063993
46 37 118.1397477566293
46 38 113.03096920755833
46 39 127.3184982632139
46 40 101.78899744078434
46 41 249.09837414162303
46 42 160.15305179733542
46 43 221.16509670379727
46 44 67.11929677819934
46 45 108.4665847162157
46 47 200.38213493223392
46 48 144.25671561490648
46 49 51.03920062069938
46 50 157.54364474646383
46 51 281.1778796420515
46 52 54.817880294662984
46 53 124.67958934805648
46 54 242.15697388264496
46 55 112.37882362794157
46 56 132.9661611087573
46 57 162.28986413205232
46 58 63.89053137985315
46 59 139.31618714277246
46 60 204.47493733951845
46 61 107.5174404457249
46 62 152.11837495845134
46 63 97.14422267947796
46 64 73.60027173862879
46 65 186.72439583514523
46 66 70.43436661176133
46 67 251.80349481291955
46 68 128.22246293064254
46 69 80.62257748298549
46 70 215.23243250030885
46 71 111.07204868912791
46 72 222.1463481581455
46 73 168.92897915988246
46 74 182.3869512876401
46 75 138.70832707519762
46 76 160.80111939908875
46 77 110.30865786510141
46 78 251.3901350490906
46 79 283.425475213503
46 80 227.56317804073663
46 81 60.440052945046304
46 82 202.20039564748632
46 83 177.71043863543863
46 84 7.211102550927978
46 85 4.47213595499958
46 86 131.36590120727678
46 87 220.86421167767313
46 88 66.2872536767062
46 89 241.59884105682295
46 90 147.6279106402309
46 91 307.5873859572268
46 92 191.637678967368
46 93 59.80802621722272
46 94 85.15867542417507
46 95 88.64536084872124
46 96 122.2620137246234
46 97 284.787640181241
46 98 204.44314613114327
46 99 150.2131818450032
46 100 193.75241933973368
47 0 54.56189146281496
47 1 198.40614909825754
47 2 136.01470508735443
47 3 97.71898484941399
47 4 33.54101966249684
47 5 155.04837954651444
47 6 227.37853900489378
47 7 214.2545215392198
47 8 150.33296378372907
47 9 140.18559127100045
47 10 41.78516483155236
47 11 145.6193668438371
47 12 173.04623659588788
47 13 57.97413216254298
47 14 110.11357772772621
47 15 152.97058540778355
47 16 82.21921916437786
47 17 39.11521443121589
47 18 59.033888572581766
47 19 112.29425630903836
47 20 148.92951352905172
47 21 92.19544457292888
47 22 228.64164100180878
47 23 75.39230729988306
47 24 149.96666296213968
47 25 126.56223765404908
47 26 190.85072700935672
47 27 105.01904589168576
47 28 30.265491900843113
47 29 126.21014222319853
47 30 91.41115905621152
47 31 141.76741515595182
47 32 178.61970775925036
47 33 79.2464510246358
47 34 89.55445270895244
47 35 174.6453549339346
47 36 59.36328831862332
47 37 126.24579200908045
47 38 89.69392398596462
47 39 162.1141573089778
47 40 131.64345787011217
47 41 130.58713566044705
47 42 146.1642911247477
47 43 103.87011119662864
47 44 160.86018774078315
47 45 126.15070352558483
47 46 200.38213493223392
47 48 182.3869512876401
47 49 190.16308790088576
47 50 58.83026432033091
47 51 81.04319835741924
47 52 178.80715869338118
47 53 157.78466338652817
47 54 56.08029957123981
47 55 91.26883367283708
47 56 78.49203781276162
47 57 166.67633305301626
47 58 141.4390328021229
47 59 61.40032573203501
47 60 4.123105625617661
47 61 93.1074647920348
47 62 101.96568050084302
47 63 143.01048912579805
47 64 131.0267148332736
47 65 149.4824404403407
47 66 134.937022347464
47 67 56.32051136131489
47 68 91.92388155425118
47 69 153.57408635573907
47 70 98.76234100101111
47 71 89.31965069345043
47 72 107.42439201596628
47 73 174.72263734273244
47 74 150.57224179774968
47 75 75.92759709091287
47 76 62.76941930590086
47 77 90.13878188659973
47 78 107.20074626605917
47 79 89.9388681271896
47 80 106.97663296253066
47 81 178.04493814764857
47 82 178.2806775845324
47 83 152.6106156202772
47 84 198.92963580120485
47 85 195.93111034238538
47 86 86.83317338436964
47 87 108.25894882179486
47 88 136.56134152826706
47 89 66.09841147864296
47 90 77.4919350642375
47 91 119.6202324023825
47 92 83.86894538504703
47 93 166.76930173146374
47 94 232.94849216082082
47 95 232.76812496559748
47 96 124.80785231707178
47 97 91.35097153287424
47 98 59.93329625508679
47 99 88.14193099768123
47 100 83.40863264674707
48 0 152.2694979304785
48 1 150.65191668213185
48 2 233.42022191746798
48 3 257.0992026436488
48 4 209.02152999152983
48 5 223.8861317723811
48 6 222.00900882621858
48 7 222.5758297749331
48 8 177.41758650145144
48 9 190.0026315607234
48 10 140.63072210580447
48 11 36.76955262170047
48 12 180.8535318980528
48 13 125.21980673998823
48 14 227.7015590636129
48 15 62.26556030423239
48 16 250.08198655640913
48 17 143.96180048887967
48 18 137.20058308913997
48 19 71.30918594402827
48 20 33.54101966249684
48 21 202.2992832414391
48 22 225.00222221124838
48 23 107.01868995647442
48 24 32.57299494980466
48 25 290.65615424415154
48 26 91.67878707749138
48 27 224.4504399639261
48 28 199.46177578674065
48 29 288.0902636327719
48 30 95.44108130150245
48 31 193.1553778697347
48 32 47.853944456021594
48 33 172.15400082484288
48 34 146.03081866510234
48 35 86.20904824900923
48 36 182.03571078225283
48 37 198.2447981663075
48 38 148.22280526288793
48 39 229.53866776645717
48 40 68.79680225126747
48 41 293.97278785629123
48 42 245.75801105966008
48 43 128.2653499585917
48 44 176.08236708995025
48 45 69.02897942168927
48 46 144.25671561490648
48 47 182.3869512876401
48 49 94.36630754670864
48 50 182.7840255602223
48 51 250.83261350948763
48 52 178.61970775925036
48 53 224.92887764802455
48 54 189.952625672824
48 55 150.60212481900777
48 56 169.9941175452845
48 57 258.5033848907979
48 58 106.3202708800161
48 59 140.089257261219
48 60 185.69868066305693
48 61 137.00364958642524
48 62 80.95677859203639
48 63 191.08375127153016
48 64 106.77546534667971
48 65 62.609903369994115
48 66 105.34229919647663
48 67 236.86494041964082
48 68 96.40020746865642
48 69 183.43936327844142
48 70 256.08787554275193
48 71 134.31678971744373
48 72 126.90547663517127
48 73 267.4341040331244
48 74 57.697486947006624
48 75 175.50498568416796
48 76 119.6202324023825
48 77 130.728726758888
48 78 280.1303268123607
48 79 228.0350850198276
48 80 133.19534526401438
48 81 183.15294155431957
48 82 63.60031446463138
48 83 51.894122981316485
48 84 149.75313018431368
48 85 141.7956275771577
48 86 101.01980003939822
48 87 124.95199078045935
48 88 111.94641575325224
48 89 180.0999722376436
48 90 105.54619841567009
48 91 239.4159560263267
48 92 115.15641536623133
48 93 87.02298546935747
48 94 227.05505940189926
48 95 230.00869548780108
48 96 201.06217943710845
48 97 229.01964981197574
48 98 143.01398533010678
48 99 199.90497742677644
48 100 117.10678887237921
49 0 140.03213916812098
49 1 58.42088667591412
49 2 178.60011198204776
49 3 230.53199344125753
49 4 204.1984329028996
49 5 158.39823231336896
49 6 131.38112497615478
49 7 135.1628647225265
49 8 107.48953437428223
49 9 126.15070352558483
49 10 154.2595215861893
49 11 95.44108130150245
49 12 101.01980003939822
49 13 137.78606605894515
49 14 184.29595763336752
49 15 144.06248644251562
49 16 271.1051456538588
49 17 161.55494421403512
49 18 131.38112497615478
49 19 116.51609330903607
49 20 92.35799911215054
49 21 163.6154026979123
49 22 134.4953530795767
49 23 128.69343417595164
49 24 97.09788875150684
49 25 262.6404386228442
49 26 3.1622776601683795
49 27 182.91254740995763
49 28 193.2097306038182
49 29 258.68320393871727
49 30 105.6882207249228
49 31 128.8875478857442
49 32 46.57252408878007
49 33 139.97856978837868
49 34 113.35784048754634
49 35 16.15549442140351
49 36 159.65587994182988
49 37 142.0563268566381
49 38 114.75626344561765
49 39 162.1141573089778
49 40 67.23094525588644
49 41 265.0
49 42 189.12958520548815
49 43 187.25650856512306
49 44 101.04454463255303
49 45 74.43117626371358
49 46 51.03920062069938
49 47 190.16308790088576
49 48 94.36630754670864
49 50 160.63934760823702
49 51 270.44038160008574
49 52 96.17692030835673
49 53 158.44872987815333
49 54 222.32633672149595
49 55 115.44695751729449
49 56 138.49548729110273
49 57 195.86985475054604
49 58 51.97114584074513
49 59 130.06152390311286
49 60 194.2498391247725
49 61 105.38026380684383
49 62 118.71394189394942
49 63 125.99206324209474
49 64 61.40032573203501
49 65 142.57980221616245
49 66 57.42821606144492
49 67 245.45875417267155
49 68 103.73041983911952
49 69 112.53888216967503
49 70 228.32433072276814
49 71 106.6770828247567
49 72 187.57931655702342
49 73 203.69094236121546
49 74 137.90576492663388
49 75 144.80676779764127
49 76 138.51353724455961
49 77 104.38869670610895
49 78 261.21638539724114
49 79 264.09278672466615
49 80 193.49935400408964
49 81 101.59724405711013
49 82 154.69324484281788
49 83 132.74034804836094
49 84 57.3149195236284
49 85 49.36598018878993
49 86 108.15729286552988
49 87 186.03763060198332
49 88 58.69412236331676
49 89 218.62525014279572
49 90 123.13001258832064
49 91 284.6137733842127
49 92 160.90991268408544
49 93 23.53720459187964
49 94 135.94484175576505
49 95 139.30183056945089
49 96 145.90750494748377
49 97 265.3695536417092
49 98 179.42686532400882
49 99 163.04907236779974
49 100 163.1349134918703
50 0 31.622776601683793
50 1 153.7595525487766
50 2 79.42921376924235
50 3 74.63243262818116
50 4 50.15974481593781
50 5 96.25487000666512
50 6 171.81967291320282
50 7 157.61345120261785
50 8 95.88013350011565
50 9 82.97590011563598
50 10 65.49045732013177
50 11 148.51935900750448
50 12 119.47384651043926
50 13 69.6419413859206
50 14 57.21887800367987
50 15 173.18487231857176
50 16 132.87964479181903
50 17 71.02816342831905
50 18 47.43416490252569
50 19 123.42204017111368
50 20 150.6154042586614
50 21 34.713109915419565
50 22 172.80046296234278
50 23 87.20665112249179
50 24 153.48289807011074
50 25 108.2266141020775
50 26 162.18816233005415
50 27 52.3450093132096
50 28 40.311288741492746
50 29 105.4229576515476
50 30 88.52683209061533
50 31 84.21995013059554
50 32 163.682619724881
50 33 24.351591323771842
50 34 47.38143096192854
50 35 147.220922426128
50 36 1.0
50 37 67.62396025078685
50 38 46.17358552246078
50 39 103.3537614216338
50 40 118.1905241548577
50 41 111.40017953306898
50 42 90.6697303403953
50 43 145.41664278891878
50 44 107.35455276791944
50 45 115.43396380615195
50 46 157.54364474646383
50 47 58.83026432033091
50 48 182.7840255602223
50 49 160.63934760823702
50 51 130.6330739131557
50 52 126.11502686040232
50 53 98.97979591815695
50 54 114.49017425089369
50 55 46.010868281309364
50 56 24.73863375370596
50 57 110.64357188738983
50 58 108.67382389517726
50 59 43.278170016764804
50 60 61.85466837676846
50 61 55.31726674375732
50 62 113.20777358467925
50 63 85.7962703152066
50 64 99.46356116689167
50 65 169.59363195591985
50 66 103.36827366266692
50 67 97.49358953285082
50 68 87.0
50 69 98.18350166906862
50 70 73.40980860893181
50 71 54.70831746635972
50 72 148.56984889270097
50 73 119.21828718783037
50 74 168.94081803992782
50 75 19.697715603592208
50 76 78.77182237323191
50 77 57.584720195551874
50 78 101.59232254457027
50 79 148.22280526288793
50 80 150.16324450410627
50 81 124.42266674525185
50 82 198.45654436173174
50 83 168.9644933114647
50 84 154.55743269089325
50 85 153.3101431738944
50 86 82.87943049997388
50 87 148.75819305167698
50 88 102.1077861869505
50 89 122.77621919573839
50 90 84.72307831990054
50 91 178.35358140502814
50 92 117.08543888972702
50 93 139.21566003866087
50 94 177.2004514666935
50 95 176.64087862100325
50 96 66.03029607687671
50 97 149.6262009141447
50 98 104.12012293500234
50 99 30.59411708155671
50 100 117.71151175649729
51 0 135.07405376311175
51 1 278.9283062007153
51 2 194.6175737183053
51 3 124.61540835707277
51 4 81.68843247363729
51 5 220.61731573020282
51 6 302.3789013803708
51 7 287.80027797067885
51 8 226.4155471693585
51 9 213.21350801485352
51 10 117.2092146548214
51 11 214.8697279748825
51 12 249.8739682319869
51 13 134.18271125595876
51 14 165.7015389186232
51 15 208.0
51 16 4.0
51 17 111.00450441310929
51 18 139.94641831786907
51 19 179.6941846582688
51 20 218.65955272980872
51 21 157.13688300332294
51 22 303.29028998634294
51 23 148.12157169028418
51 24 218.50858106719744
51 25 136.6235704408284
51 26 270.9686328710392
51 27 161.19863522995473
51 28 90.44335243676011
51 29 139.44532978913278
51 30 168.1071087134628
51 31 214.2008403344861
51 32 255.00784301664135
51 33 154.3502510525979
51 34 169.38713056191725
51 35 254.70178640912593
51 36 131.46862743635836
51 37 196.02550854416882
51 38 169.26015479137433
51 39 227.00881040171106
51 40 209.19369015340783
51 41 140.4314779527724
51 42 201.6035713969373
51 43 140.45995870709916
51 44 237.69728648009425
51 45 203.0615670184784
51 46 281.1778796420515
51 47 81.04319835741924
51 48 250.83261350948763
51 49 270.44038160008574
51 50 130.6330739131557
51 52 256.2576828116574
51 53 223.44574285494903
51 54 64.41273166075166
51 55 170.48753620133056
51 56 154.18495387034366
51 57 221.68671588527806
51 58 222.40728405337808
51 59 142.44297104455524
51 60 76.92203845452875
51 61 173.69225659193907
51 62 170.69563556224864
51 63 216.0092590608097
51 64 211.98113123577767
51 65 205.00975586542216
51 66 215.87033144922904
51 67 35.608987629529715
51 68 169.23947530053383
51 69 228.81652038259824
51 70 127.63228431709588
51 71 170.13524032369074
51 72 143.7358688706476
51 73 227.98245546532743
51 74 207.63429389192913
51 75 150.0966355385756
51 76 136.01470508735443
51 77 171.09354166653983
51 78 108.90362712049586
51 79 48.46648326421054
51 80 139.7855500400524
51 81 254.8489748851268
51 82 230.7899477880265
51 83 211.28653530218153
51 84 279.50134167835404
51 85 276.739950133695
51 86 164.30459518832697
51 87 145.43727170158274
51 88 217.59825366946308
51 89 78.77182237323191
51 90 152.00328943809077
51 91 75.4254598925323
51 92 137.87675656179326
51 93 246.94128856876083
51 94 307.7092783781471
51 95 307.02605752606735
51 96 193.61043360315063
51 97 49.040799340956916
51 98 108.81176406988355
51 99 153.7172729396407
51 100 136.2974687952788
52 0 125.49501982150527
52 1 46.61544808322666
52 2 100.43903623591775
52 3 174.4849563716024
52 4 176.22996340009834
52 5 71.69379331573968
52 6 51.97114584074513
52 7 45.70557952810576
52 8 31.04834939252005
52 9 50.039984012787215
52 10 160.20611723651504
52 11 163.3064603743526
52 12 8.06225774829855
52 13 149.61617559608987
52 14 118.00423721205946
52 15 210.15232570685484
52 16 258.2789190003706
52 17 168.67127793433
52 18 128.14444974324874
52 19 165.24527224704494
52 20 162.11107303327555
52 21 108.25894882179486
52 22 54.120236510939236
52 23 153.07514494521962
52 24 167.14664220378464
52 25 201.12185361118767
52 26 99.29753269845128
52 27 119.06720791217035
52 28 166.37307474468338
52 29 196.2065238466856
52 30 133.41664064126334
52 31 51.0098029794274
52 32 134.12307780542466
52 33 102.0
52 34 90.55385138137417
52 35 95.81753492967766
52 36 125.21980673998823
52 37 71.06335201775947
52 38 89.9388681271896
52 39 72.94518489934754
52 40 119.70797801316336
52 41 202.2992832414391
52 42 107.5174404457249
52 43 225.39964507514205
52 44 18.973665961010276
52 45 124.45882853377658
52 46 54.817880294662984
52 47 178.80715869338118
52 48 178.61970775925036
52 49 96.17692030835673
52 50 126.11502686040232
52 51 256.2576828116574
52 53 70.68238818828917
52 54 228.44911906155383
52 55 87.96590248499699
52 56 102.08329931972223
52 57 107.91200118615167
52 58 75.23961722390672
52 59 123.0690862889621
52 60 182.62803727796015
52 61 90.02777349240623
52 62 160.9751533622503
52 63 48.0
52 64 79.62411694957753
52 65 207.4825293850063
52 66 78.91767862779544
52 67 223.60679774997897
52 68 130.26895255585654
52 69 31.064449134018133
52 70 171.35343591536179
52 71 95.13148795220224
52 72 227.19154913860683
52 73 114.28035701729323
52 74 203.93136100168604
52 75 106.4377752492037
52 76 155.8717421471897
52 77 96.21330469326995
52 78 208.95932618574363
52 79 267.47897113605023
52 80 231.67218218853984
52 81 5.656854249492381
52 82 228.42942017174582
52 83 200.32473636573192
52 84 48.010415536631214
52 85 53.075418038862395
52 86 131.4838393111488
52 87 226.3183598385248
52 88 72.00694410957877
52 89 231.46706029152398
52 90 146.76852523616907
52 91 294.96609974707263
52 92 193.70596273734063
52 93 92.64987857520376
52 94 57.8013840664737
52 95 59.033888572581766
52 96 75.02666192761077
52 97 268.8884527085535
52 98 198.80643852752857
52 99 110.11357772772621
52 100 195.5326059765992
53 0 116.21101496846157
53 1 116.84605256490268
53 2 34.92849839314596
53 3 118.10588469674151
53 4 142.3411395205195
53 5 2.8284271247461903
53 6 91.2414379544733
53 7 73.54590403278758
53 8 50.99019513592785
53 9 34.92849839314596
53 10 156.46724896923317
53 11 200.4120754844877
53 12 63.06346010171025
53 13 152.8953890737062
53 14 61.29437168288782
53 15 240.41630560342617
53 16 226.29184695874486
53 17 163.88410539158457
53 18 126.92123541787639
53 19 189.952625672824
53 20 200.5691900566984
53 21 66.84309986827361
53 22 90.80198235721508
53 23 164.30459518832697
53 24 205.08047201037937
53 25 138.91724155050014
53 26 161.31955864060626
53 27 64.66065264130884
53 28 135.2479205015737
53 29 133.6600164596728
53 30 152.3285921946369
53 31 31.78049716414141
53 32 187.1069213043708
53 33 82.21921916437786
53 34 92.02173656261873
53 35 153.22206107476822
53 36 98.48857801796105
53 37 33.734255586866
53 38 90.0499861188218
53 39 5.0
53 40 157.48650735856708
53 41 139.30183056945089
53 42 38.2099463490856
53 43 234.10467744152402
53 44 58.412327466040935
53 45 159.48040632002414
53 46 124.67958934805648
53 47 157.78466338652817
53 48 224.92887764802455
53 49 158.44872987815333
53 50 98.97979591815695
53 51 223.44574285494903
53 52 70.68238818828917
53 54 213.41274563624359
53 55 87.05170877128145
53 56 83.81527307120105
53 57 37.8021163428716
53 58 119.95415791042844
53 59 120.83873551142449
53 60 160.70158679988197
53 61 98.12746812182611
53 62 182.33211456021672
53 63 34.0
53 64 118.18629362155326
53 65 237.16871631815187
53 66 119.86659251017358
53 67 188.13824704190267
53 68 149.40548852033515
53 69 45.967379738244816
53 70 114.58621208504974
53 71 103.04368005850722
53 72 236.7530358833863
53 73 45.254833995939045
53 74 234.77648945326703
53 75 83.93449827097318
53 76 161.50541786577935
53 77 106.1178590059185
53 78 152.43359209832983
53 79 246.59480935331953
53 80 239.70815588961506
53 81 65.39113089708727
53 82 262.8003044138267
53 83 232.6413548791358
53 84 118.20744477400736
53 85 122.3315167894194
53 86 148.12157169028418
53 87 236.4571842850202
53 88 113.6001760562016
53 89 221.05429197371402
53 90 159.11316727411344
53 91 277.1082820848197
53 92 202.80532537386685
53 93 147.63468427168462
53 94 95.12623192369179
53 95 92.89241088485109
53 96 33.83784863137726
53 97 247.98588669519077
53 98 197.52468200202222
53 99 70.60453243241541
53 100 204.07106605298068
54 0 103.32473082471591
54 1 241.59884105682295
54 2 192.06509313251067
54 3 145.27904184706065
54 4 82.21921916437786
54 5 210.70595625183452
54 6 278.72925931807015
54 7 266.7170785682837
54 8 201.80436070610565
54 9 193.80660463462024
54 10 70.49113419430843
54 11 155.08062419270823
54 12 223.45021816950637
54 13 85.42833253669417
54 14 165.8010856418015
54 15 143.96180048887967
54 16 62.64982043070834
54 17 62.26556030423239
54 18 101.04454463255303
54 19 120.00416659433121
54 20 159.05030650709227
54 21 148.24641648282767
54 22 280.2427519134081
54 23 94.11163583744573
54 24 158.25612152457168
54 25 168.88161534045085
54 26 222.3083444227859
54 27 160.72336482291553
54 28 83.74365647617735
54 29 169.85287751463028
54 30 116.69190203266035
54 31 195.64508682816444
54 32 199.96999774966244
54 33 133.13526955694348
54 34 137.90213921473443
54 35 206.1892334725555
54 36 114.94781424629178
54 37 181.27603261324978
54 38 138.59292911256333
54 39 217.83020910791964
54 40 156.92354826475216
54 41 173.0028901492689
54 42 202.07176942858692
54 43 76.27581530209953
54 44 211.45448682872635
54 45 150.136604464068
54 46 242.15697388264496
54 47 56.08029957123981
54 48 189.952625672824
54 49 222.32633672149595
54 50 114.49017425089369
54 51 64.41273166075166
54 52 228.44911906155383
54 53 213.41274563624359
54 55 140.73023839957068
54 56 132.06059215375342
54 57 222.62524564837653
54 58 179.3599732381782
54 59 105.64563407921787
54 60 53.75872022286245
54 61 139.05394636614957
54 62 112.16059914247963
54 63 196.60366222428308
54 64 169.11830178901394
54 65 141.06027080648894
54 66 172.6528308484978
54 67 67.7421582177598
54 68 118.59595271340417
54 69 205.65018842685265
54 70 147.12239802287073
54 71 134.31678971744373
54 72 79.63039620647382
54 73 230.5666931714119
54 74 143.8923208513922
54 75 130.38404810405297
54 76 83.81527307120105
54 77 134.01492454200763
54 78 144.5441109142811
54 79 41.78516483155236
54 80 76.05918747922567
54 81 228.39658491317246
54 82 166.43617395265971
54 83 147.80054127099805
54 84 241.9008061168875
54 85 237.69728648009425
54 86 114.23221962301179
54 87 81.27115109311545
54 88 176.00568172647155
54 89 15.811388300841896
54 90 99.32774033471213
54 91 66.52818951391959
54 92 75.13321502504735
54 93 198.97989848223364
54 94 284.42925306655786
54 95 284.60850303530987
54 96 180.0999722376436
54 97 43.08131845707603
54 98 47.042533945356304
54 99 144.18044250174847
54 100 73.348483283569
55 0 37.53664875824692
55 1 109.20164833920778
55 2 84.86459803710851
55 3 115.69356075426151
55 4 93.94147114027967
55 5 85.00588214941364
55 6 138.03260484392808
55 7 126.60568707605516
55 8 61.40032573203501
55 9 57.56735185849702
55 10 74.43117626371358
55 11 120.3536455617361
55 12 82.73451516749222
55 13 67.35725647619564
55 14 77.23341245859851
55 15 155.46703830716015
55 16 172.19175357722565
55 17 82.68010643437755
55 18 42.485291572496
55 19 104.34557968596465
55 20 121.43310915891102
55 21 52.40229002629561
55 22 139.6030085635693
55 23 77.31752712031083
55 24 125.29964086141668
55 25 148.49915824677257
55 26 117.17508267545622
55 27 74.24957912338628
55 28 83.19855767980596
55 29 144.90341610879986
55 30 66.2872536767062
55 31 60.166435825965294
55 32 123.81033882515628
55 33 24.698178070456937
55 34 5.0990195135927845
55 35 102.7861858422619
55 36 45.0111097397076
55 37 54.147945482723536
55 38 3.0
55 39 92.04890004774636
55 40 82.21921916437786
55 41 151.15885683611134
55 42 97.49871794028884
55 43 148.1924424523734
55 44 70.7248188403477
55 45 81.60882305241266
55 46 112.37882362794157
55 47 91.26883367283708
55 48 150.60212481900777
55 49 115.44695751729449
55 50 46.010868281309364
55 51 170.48753620133056
55 52 87.96590248499699
55 53 87.05170877128145
55 54 140.73023839957068
55 56 23.08679276123039
55 57 113.26517558367179
55 58 63.60031446463138
55 59 36.71511950137164
55 60 95.1892851112981
55 61 13.601470508735444
55 62 96.0260381354974
55 63 60.08327554319921
55 64 55.154328932550705
55 65 152.08221460775746
55 66 58.872744118140105
55 67 139.77839604173457
55 68 63.56099432828282
55 69 65.73431371817918
55 70 113.718951806636
55 71 17.08800749063506
55 72 150.65855435387664
55 73 122.48265183282079
55 74 150.1532550429727
55 75 29.410882339705484
55 76 75.43208866258443
55 77 20.615528128088304
55 78 145.7737973711325
55 79 179.51323071016242
55 80 154.0194792875239
55 81 87.69264507357501
55 82 179.02513789968157
55 83 148.66068747318505
55 84 109.89540481748998
55 85 108.06016842481785
55 86 61.66036003787198
55 87 150.23315213360866
55 88 56.753854494650845
55 89 144.62710672622887
55 90 72.06247289678588
55 91 207.18349355100662
55 92 116.49892703368559
55 93 94.92101980067429
55 94 143.75326083258076
55 95 144.04513181638595
55 96 55.57877292636101
55 97 180.92263539977523
55 98 114.93476410555685
55 99 50.60632371551998
55 100 117.90250209389112
56 0 32.55764119219941
56 1 129.0658746532173
56 2 72.56031973468694
56 3 92.70382947861431
56 4 74.67261881037788
56 5 81.32035415564789
56 6 149.164338901763
56 7 135.77186748365804
56 8 72.42237223399962
56 9 61.84658438426491
56 10 72.78049189171504
56 11 137.87675656179326
56 12 95.71833680126291
56 13 71.00704190430693
56 14 58.66856057549052
56 15 168.65645555388622
56 16 156.24659996300718
56 17 80.0812087820857
56 18 45.09988913511872
56 19 117.5457357797381
56 20 139.40229553346674
56 21 32.7566787083184
56 22 150.33296378372907
56 23 85.32877591996736
56 24 142.87407042567241
56 25 125.67020331009256
56 26 140.24621207005913
56 27 54.91812087098393
56 28 64.47480127925948
56 29 122.18837915284743
56 30 80.05623023850174
56 31 63.60031446463138
56 32 145.89036979869508
56 33 2.23606797749979
56 34 25.942243542145693
56 35 125.86500705120545
56 36 23.769728648009426
56 37 50.32891812864648
56 38 24.166091947189145
56 39 88.60022573334675
56 40 102.6498904042279
56 41 128.41339493993607
56 42 85.0
56 43 151.5585695366646
56 44 83.52843827104634
56 45 101.13851887386922
56 46 132.9661611087573
56 47 78.49203781276162
56 48 169.9941175452845
56 49 138.49548729110273
56 50 24.73863375370596
56 51 154.18495387034366
56 52 102.08329931972223
56 53 83.81527307120105
56 54 132.06059215375342
56 55 23.08679276123039
56 57 103.12128781197411
56 58 86.68333173107735
56 59 39.20459156782532
56 60 82.03657720797473
56 61 34.9857113690718
56 62 108.16653826391968
56 63 64.66065264130884
56 64 78.18567643756751
56 65 165.14841809717706
56 66 81.93289937503738
56 67 121.74152947946727
56 68 77.82673062643708
56 69 75.28612089887484
56 70 90.80198235721508
56 71 36.235341863986875
56 72 154.39235732380018
56 73 112.21853679316978
56 74 163.783393541592
56 75 6.324555320336759
56 76 80.05623023850174
56 77 39.698866482558415
56 78 122.723265927859
56 79 168.3864602632884
56 80 156.92354826475216
56 81 100.70253224224304
56 82 193.1553778697347
56 83 162.96318602678338
56 84 129.87686476043376
56 85 128.76334882255898
56 86 74.73285756613352
56 87 154.26276284314372
56 88 79.81227975693966
56 89 138.31124321616085
56 90 81.25269226308751
56 91 197.57024067404484
56 92 121.01652779682617
56 93 117.98728745080972
56 94 154.67385040788247
56 95 154.38264151127873
56 96 50.0
56 97 169.799882214329
56 98 113.75851616472501
56 99 30.0
56 100 122.06555615733703
57 0 135.00370365289984
57 1 154.3502510525979
57 2 31.25699921617557
57 3 103.71113729971339
57 4 144.4506836259351
57 5 37.53664875824692
57 6 120.26637102698326
57 7 102.3132444994293
57 8 88.41379982785493
57 9 70.43436661176133
57 10 174.34735443934903
57 11 231.7584949899356
57 12 100.4987562112089
57 13 174.1034175425629
57 14 57.271284253105414
57 15 268.7322087134328
57 16 224.96444163467257
57 17 180.8009955724802
57 18 148.21605850919124
57 19 217.5890622251036
57 20 232.31228981696168
57 21 75.95393340703298
57 22 119.10499569707393
57 23 188.06647760831805
57 24 236.57768280207665
57 25 116.46887996370532
57 26 198.69826370655582
57 27 62.24146527838174
57 28 139.84634424968
57 29 111.08555261599052
57 30 179.51323071016242
57 31 67.47592163134935
57 32 222.75098204048393
57 33 101.07917688624102
57 34 118.35962149314267
57 35 190.03157632351525
57 36 110.47624178980746
57 37 60.53924347066124
57 38 116.18089343777659
57 39 34.9857113690718
57 40 190.11838417154718
57 41 115.8792474949678
57 42 20.615528128088304
57 43 254.12595302329905
57 44 96.21330469326995
57 45 191.31387822110554
57 46 162.28986413205232
57 47 166.67633305301626
57 48 258.5033848907979
57 49 195.86985475054604
57 50 110.64357188738983
57 51 221.68671588527806
57 52 107.91200118615167
57 53 37.8021163428716
57 54 222.62524564837653
57 55 113.26517558367179
57 56 103.12128781197411
57 58 155.3319027115808
57 59 142.28492541376264
57 60 168.86681142249356
57 61 125.96031120952345
57 62 209.0598000573042
57 63 70.178344238091
57 64 152.46311029229332
57 65 265.34505836740203
57 66 154.5477272560163
57 67 186.1316738225926
57 68 176.81911661356077
57 69 83.6301381082203
57 70 100.12492197250393
57 71 130.24976007655445
57 72 257.07002936943076
57 73 9.219544457292887
57 74 263.40273347101015
57 75 101.00495037373169
57 76 183.17477992343814
57 77 133.6637572418193
57 78 135.36986370680884
57 79 251.3483638299641
57 80 259.2778432492835
57 81 102.47438704378767
57 82 292.1660486778024
57 83 261.8110005328271
57 84 155.72411502397438
57 85 160.0312469488381
57 86 174.7483905505284
57 87 257.0311265197272
57 88 148.66068747318505
57 89 232.42202993692314
57 90 183.5755975068582
57 91 282.72955275315667
57 92 224.0200883849482
57 93 184.13310403075272
57 94 123.03657992645927
57 95 120.0
57 96 58.18934610390462
57 97 252.68557536986555
57 98 214.34784813475503
57 99 80.06247560499239
57 100 225.00222221124838
58 0 89.27485648266257
58 1 65.11528238439882
58 2 133.6899397860587
58 3 179.075403112767
58 4 153.00326793895613
58 5 119.20151005754919
58 6 124.1933975700802
58 7 120.81390648431164
58 8 71.16881339463234
58 9 85.23496934944014
58 10 109.16501271011697
58 11 88.09086218218096
58 12 76.02631123499285
58 13 94.02127418834527
58 14 135.35139452550905
58 15 135.14806694880988
58 16 223.3942702935776
58 17 117.17081547894082
58 18 82.46211251235322
58 19 92.61209424259879
58 20 87.0
58 21 113.17685275708986
58 22 126.84636376341263
58 23 90.02777349240623
58 24 92.00543462209176
58 25 211.53959440256097
58 26 53.600373133029585
58 27 133.4541119636259
58 28 142.00352108310554
58 29 207.74022239325728
58 30 67.17886572427373
58 31 88.32326986700618
58 32 67.42403132415029
58 33 88.23264701911646
58 34 61.39218191268331
58 35 39.395431207184416
58 36 107.68936809174804
58 37 97.0
58 38 62.81719509815764
58 39 124.35433245367851
58 40 44.553338819890925
58 41 214.03737991294884
58 42 145.24806367039804
58 43 158.40454538932903
58 44 70.03570517957252
58 45 49.72926703662542
58 46 63.89053137985315
58 47 141.4390328021229
58 48 106.3202708800161
58 49 51.97114584074513
58 50 108.67382389517726
58 51 222.40728405337808
58 52 75.23961722390672
58 53 119.95415791042844
58 54 179.3599732381782
58 55 63.60031446463138
58 56 86.68333173107735
58 57 155.3319027115808
58 59 80.23091673413684
58 60 145.5609837834301
58 61 53.46026561849464
58 62 90.21086409075129
58 63 85.95929269136641
58 64 10.44030650891055
58 65 132.5745073534124
58 66 6.708203932499369
58 67 195.6041921841145
58 68 64.38167441127949
58 69 77.1621668954417
58 70 176.9773996870787
58 71 55.036351623268054
58 72 159.6151621870554
58 73 163.9176622576103
58 74 128.89142717807107
58 75 93.00537618869137
58 76 97.082439194738
58 77 53.009433122794285
58 78 209.35376758014172
58 79 220.92532675091826
58 80 164.80594649465777
58 81 79.02531240052139
58 82 153.20900756809309
58 83 125.15989773086265
58 84 65.06919393998976
58 85 59.54829972383762
58 86 67.47592163134935
58 87 158.4455742518547
58 88 7.211102550927978
58 89 178.08986495586996
58 90 83.73768566183328
58 91 244.22940035957996
58 92 128.22246293064254
58 93 31.76476034853718
58 94 129.80754985747168
58 95 131.93938001976514
58 96 100.44899203078147
58 97 222.26560687609768
58 98 140.60227594174995
58 99 112.25862995778988
58 100 130.29965464267354
59 0 12.206555615733702
59 1 137.7425134081704
59 2 111.75866856758807
59 3 117.0341830406826
59 4 75.13321502504735
59 5 118.53269591129698
59 6 174.0028735394907
59 7 163.11039206623224
59 8 97.9081201943945
59 9 93.77632963600144
59 10 37.73592452822641
59 11 105.3612832116238
59 12 118.44407963254221
59 13 32.14031735997639
59 14 95.85927185202274
59 15 131.0953851209111
59 16 143.58969322343438
59 17 46.04345773288535
59 18 6.082762530298219
59 19 80.62257748298549
59 20 107.56393447619885
59 21 70.21395872616783
59 22 175.6957597667058
59 23 46.32493928760188
59 24 110.30865786510141
59 25 150.57224179774968
59 26 131.00381673829202
59 27 91.54780172128658
59 28 64.32728814430156
59 29 148.07092894960846
59 30 45.27692569068709
59 31 96.20810776644555
59 32 124.91997438360288
59 33 41.30375285612676
59 34 33.015148038438355
59 35 115.0173899895142
59 36 42.638011210655684
59 37 87.13208364316786
59 38 34.132096331752024
59 39 125.76565508913791
59 40 78.0
59 41 153.91231269784754
59 42 124.16923934694937
59 43 113.28283188550682
59 44 106.66770832824712
59 45 74.24284477308234
59 46 139.31618714277246
59 47 61.40032573203501
59 48 140.089257261219
59 49 130.06152390311286
59 50 43.278170016764804
59 51 142.44297104455524
59 52 123.0690862889621
59 53 120.83873551142449
59 54 105.64563407921787
59 55 36.71511950137164
59 56 39.20459156782532
59 57 142.28492541376264
59 58 80.23091673413684
59 60 65.52098900352466
59 61 33.421549934136806
59 62 70.66116330771806
59 63 96.38464608017192
59 64 69.87131027825369
59 65 127.534309109353
59 66 73.824115301167
59 67 115.52488909321661
59 68 43.86342439892262
59 69 102.39628899525607
59 70 116.10340218959993
59 71 28.844410203711913
59 72 115.97413504743201
59 73 151.40013210033868
59 74 126.56223765404908
59 75 42.20189569201838
59 76 41.012193308819754
59 77 29.068883707497267
59 78 141.0319112825179
59 79 145.6605643267937
59 80 118.86967653695369
59 81 123.3288287465668
59 82 156.0833110873805
59 83 126.26955294131677
59 84 138.19189556555045
59 85 134.8517704741024
59 86 39.6232255123179
59 87 115.73245007343446
59 88 75.18643494673756
59 89 108.4665847162157
59 90 42.720018726587654
59 91 172.15400082484288
59 92 82.21921916437786
59 93 107.00467279516349
59 94 179.76929659983654
59 95 180.23595645708434
59 96 87.5728268357257
59 97 147.05441169852742
59 98 78.29431652425353
59 99 66.73080248281148
59 100 83.38465086573187
60 0 58.60034129593445
60 1 202.47468977627796
60 2 138.351002887583
60 3 97.52948272189288
60 4 32.89376840679705
60 5 157.95252451290546
60 6 231.0411218809327
60 7 217.8072542409917
60 8 154.02921800749363
60 9 143.62799170078233
60 10 45.221676218380054
60 11 148.92951352905172
60 12 176.81628884240274
60 13 61.61168720299745
60 14 112.08925015361643
60 15 155.32224567009067
60 16 78.10889834071403
60 17 42.05948168962618
60 18 63.150613615387776
60 19 115.3819743287486
60 20 152.27934856703322
60 21 94.81033698917012
60 22 232.28000344411913
60 23 78.77182237323191
60 24 153.2351134694656
60 25 125.7179382586272
60 26 194.92819190666086
60 27 107.00467279516349
60 28 31.0
60 29 125.53883861180172
60 30 95.1892851112981
60 31 145.16542288024377
60 32 182.45547402037573
60 33 82.73451516749222
60 34 93.53608929178085
60 35 178.71765441612084
60 36 62.42595614005443
60 37 129.40247292845683
60 38 93.64827814754524
60 39 164.98484778912274
60 40 135.5322839769182
60 41 129.76902558006668
60 42 148.3138563991915
60 43 104.65180361560904
60 44 164.62381358722072
60 45 129.98846102635417
60 46 204.47493733951845
60 47 4.123105625617661
60 48 185.69868066305693
60 49 194.2498391247725
60 50 61.85466837676846
60 51 76.92203845452875
60 52 182.62803727796015
60 53 160.70158679988197
60 54 53.75872022286245
60 55 95.1892851112981
60 56 82.03657720797473
60 57 168.86681142249356
60 58 145.5609837834301
60 59 65.52098900352466
60 61 97.16995420396162
60 62 105.11898020814318
60 63 146.4547711752676
60 64 135.14806694880988
60 65 151.85519418182574
60 66 139.05754204644924
60 67 52.46903848937962
60 68 95.75489543621255
60 69 157.20687007888682
60 70 98.71676655968832
60 71 93.40770846134703
60 72 108.2266141020775
60 73 176.81911661356077
60 74 153.05227865013967
60 75 79.30952023559341
60 76 66.12866246946176
60 77 94.2443632266673
60 78 105.68348972285122
60 79 86.55634003352961
60 80 107.54068997360952
60 81 181.8158408940211
60 82 180.54639292990598
60 83 155.2063143045411
60 84 203.00246303924493
60 85 200.02499843769527
60 86 90.6697303403953
60 87 109.12836478203089
60 88 140.6840431605518
60 89 64.4980619863884
60 90 81.04319835741924
60 91 116.49892703368559
60 92 85.70297544426332
60 93 170.84788555905513
60 94 236.59670327373541
60 95 236.3810483097154
60 96 127.88275880665071
60 97 87.96590248499699
60 98 60.90155991434045
60 99 90.78546139112804
60 100 85.14693182963201
61 0 38.62641583165593
61 1 105.30906893520614
61 2 98.08669634563088
61 3 127.47548783981962
61 4 100.31948963187563
61 5 96.25487000666512
61 6 141.40014144264495
61 7 131.36970731489052
61 8 66.64082832618455
61 9 66.61080993352356
61 10 70.178344238091
61 11 106.89246933250256
61 12 85.80209787645055
61 13 60.41522986797286
61 14 90.78546139112804
61 15 142.97202523570826
61 16 175.1142484208524
61 17 78.64477096412705
61 18 38.18376618407357
61 19 92.07062506576133
61 20 107.91200118615167
61 21 65.76473218982953
61 22 143.22011031974526
61 23 67.68308503607086
61 24 111.8257573191436
61 25 160.58953888718904
61 26 106.88779163215975
61 27 87.72684879784524
61 28 89.35882720806042
61 29 157.15597347857954
61 30 54.230987451824994
61 31 69.46221994724903
61 32 110.9414259868693
61 33 36.89173349139343
61 34 9.219544457292887
61 35 91.92388155425118
61 36 54.3415126767741
61 37 66.09841147864296
61 38 11.313708498984761
61 39 103.12128781197411
61 40 68.6804193347711
61 41 163.37074401495514
61 42 110.69326989478628
61 43 139.77839604173457
61 44 74.33034373659252
61 45 68.00735254367721
61 46 107.5174404457249
61 47 93.1074647920348
61 48 137.00364958642524
61 49 105.38026380684383
61 50 55.31726674375732
61 51 173.69225659193907
61 52 90.02777349240623
61 53 98.12746812182611
61 54 139.05394636614957
61 55 13.601470508735444
61 56 34.9857113690718
61 57 125.96031120952345
61 58 53.46026561849464
61 59 33.421549934136806
61 60 97.16995420396162
61 62 84.2140130857092
61 63 68.8839603971781
61 64 44.14748010928823
61 65 139.6352391053204
61 66 48.05205510693585
61 67 144.5856147754679
61 68 51.35172830587107
61 69 71.69379331573968
61 70 125.67020331009256
61 71 5.385164807134504
61 72 142.04576727238302
61 73 135.1628647225265
61 74 137.53908535394584
61 75 41.182520563948
61 76 67.62396025078685
61 77 8.0
61 78 156.54072952429985
61 79 179.02513789968157
61 80 145.7840869230932
61 81 90.60353193998566
61 82 166.20770138594662
61 83 135.85654198455074
61 84 105.84894897919393
61 85 103.09219175087898
61 86 50.00999900019995
61 87 141.4814475470194
61 88 47.095647357266465
61 89 141.48498153514387
61 90 61.98386886924694
61 91 205.54804791094466
61 92 107.8563859954523
61 93 83.93449827097318
61 94 147.20054347725758
61 95 147.87156589419075
61 96 67.91170738539859
61 97 180.42172818150257
61 98 109.29318368498559
61 99 63.7808748764079
61 100 109.41663493271945
62 0 81.6333265278342
62 1 154.6156525064652
62 2 179.7247896090019
62 3 184.2878183711555
62 4 130.43005788544295
62 5 180.46883387443938
62 6 212.24985276791125
62 7 206.22802913280242
62 8 145.82523787054146
62 9 150.02999700059985
62 10 60.53924347066124
62 11 44.384682042344295
62 12 159.48040632002414
62 13 46.75467891024384
62 14 166.23477373883
62 15 60.53924347066124
62 16 170.17931719218996
62 17 63.15853069855251
62 18 65.86349520030045
62 19 10.63014581273465
62 20 48.05205510693585
62 21 140.38874598770374
62 22 214.67184258770408
62 23 27.65863337187866
62 24 48.38388161361178
62 25 217.22108553268947
62 26 117.88553770501282
62 27 162.04937519163718
62 28 121.65936051122412
62 29 215.3369452741447
62 30 30.01666203960727
62 31 153.0130713370593
62 32 88.76936408468859
62 33 110.38568747804219
62 34 90.93404203047393
62 35 103.00485425454472
62 36 112.6809655620682
62 37 150.08331019803634
62 38 93.05912099305473
62 39 187.32325002519042
62 40 51.85556864985669
62 41 220.83930809527547
62 42 192.3460423299632
62 43 69.29646455628166
62 44 150.136604464068
62 45 44.68780594300866
62 46 152.11837495845134
62 47 101.96568050084302
62 48 80.95677859203639
62 49 118.71394189394942
62 50 113.20777358467925
62 51 170.69563556224864
62 52 160.9751533622503
62 53 182.33211456021672
62 54 112.16059914247963
62 55 96.0260381354974
62 56 108.16653826391968
62 57 209.0598000573042
62 58 90.21086409075129
62 59 70.66116330771806
62 60 105.11898020814318
62 61 84.2140130857092
62 63 152.08221460775746
62 64 82.73451516749222
62 65 57.0087712549569
62 66 84.59905436823747
62 67 155.92626462530293
62 68 33.0
62 69 151.6047492659778
62 70 183.86136081297778
62 71 79.40403012442127
62 72 70.09279563550022
62 73 218.27734651126764
62 74 55.90169943749474
62 75 112.16059914247963
62 76 39.66106403010388
62 77 76.23647421018367
62 78 203.59027481684876
62 79 152.45327152934436
62 80 75.66372975210778
62 81 163.5145253486674
62 82 85.42247947700886
62 83 55.758407437802596
62 84 154.40207252495026
62 85 148.05404418657398
62 86 34.36568055487916
62 87 68.76772498781678
62 88 90.78546139112804
62 89 104.7377677822093
62 90 28.600699292150182
62 91 168.88457596832222
62 92 42.485291572496
62 93 97.30878685915265
62 94 218.00917411888886
62 95 219.69524346239268
62 96 151.6047492659778
62 97 153.5838533179839
62 98 65.49045732013177
62 99 137.08391590555036
62 100 44.721359549995796
63 0 94.51454914456292
63 1 90.13878188659973
63 2 54.62600113499065
63 3 126.66885963013956
63 4 134.52509059651288
63 5 33.28663395418648
63 6 86.6083136886985
63 7 71.84010022264724
63 8 19.697715603592208
63 9 2.8284271247461903
63 10 133.75350462698165
63 11 167.37084572887835
63 12 40.01249804748511
63 13 127.4401820463232
63 14 70.00714249274856
63 15 208.7773934122179
63 16 218.40329667841556
63 17 141.76741515595182
63 18 102.31813133555558
63 19 159.02829936838285
63 20 167.35590817177624
63 21 62.03224967708329
63 22 87.36704184073076
63 23 136.49908424601244
63 24 171.95929750961417
63 25 153.16004700965587
63 26 128.76334882255898
63 27 71.11258679024411
63 28 125.60254774486066
63 29 148.27339613025663
63 30 122.14745187681976
63 31 3.1622776601683795
63 32 153.16984037335808
63 33 63.7808748764079
63 34 64.5600495662759
63 35 119.85407794480753
63 36 85.0411665018772
63 37 23.194827009486403
63 38 62.93647591023825
63 39 38.48376280978771
63 40 124.04031602668546
63 41 154.39235732380018
63 42 63.812224534175265
63 43 208.12736485142938
63 44 30.59411708155671
63 45 126.37246535539299
63 46 97.14422267947796
63 47 143.01048912579805
63 48 191.08375127153016
63 49 125.99206324209474
63 50 85.7962703152066
63 51 216.0092590608097
63 52 48.0
63 53 34.0
63 54 196.60366222428308
63 55 60.08327554319921
63 56 64.66065264130884
63 57 70.178344238091
63 58 85.95929269136641
63 59 96.38464608017192
63 60 146.4547711752676
63 61 68.8839603971781
63 62 152.08221460775746
63 64 84.30895563343196
63 65 205.62344224333955
63 66 85.90692637965812
63 67 181.94504664870655
63 68 119.10499569707393
63 69 17.11724276862369
63 70 123.4908903522847
63 71 74.14849964766651
63 72 210.52315787105226
63 73 78.40918313565064
63 74 202.98768435548004
63 75 67.17886572427373
63 76 135.4400236266961
63 77 76.79192665899195
63 78 161.24515496597098
63 79 232.94849216082082
63 80 214.00934559032697
63 81 44.181444068749045
63 82 230.52114870440846
63 83 200.5642041840966
63 84 91.39474820797966
63 85 94.15412895885129
63 86 118.4229707446997
63 87 210.03809178337153
63 88 79.60527620704548
63 89 202.24984548819808
63 90 130.86252328302402
63 91 262.23081436017395
63 92 176.32356620712955
63 93 114.0175425099138
63 94 91.80958555619343
63 95 91.02197536858887
63 96 27.073972741361768
63 97 234.3608329051593
63 98 174.64249196572982
63 99 64.47480127925948
63 100 177.78920102188434
64 0 79.1012010022604
64 1 74.27651041883968
64 2 129.3213052826177
64 3 170.84788555905513
64 4 143.01398533010678
64 5 117.2006825918689
64 6 129.9730741346068
64 7 125.31959144523253
64 8 71.386273190299
64 9 83.2586331859946
64 10 98.84331034521254
64 11 85.21150157109074
64 12 79.40403012442127
64 13 83.86298349093002
64 14 129.0155029444136
64 15 130.75167302944922
64 16 212.96009015775704
64 17 106.89246933250256
64 18 72.03471385380801
64 19 86.03487664894976
64 20 84.5931439302264
64 21 106.0
64 22 132.5028301584536
64 23 80.62257748298549
64 24 89.45389874119518
64 25 203.59273071502332
64 26 62.80127387243033
64 27 126.82665335015349
64 28 132.015150645674
64 29 199.92248497855363
64 30 58.137767414994535
64 31 86.4060183089118
64 32 71.449282711585
64 33 79.84985911070852
64 34 52.49761899362675
64 35 47.80167361086848
64 36 98.48857801796105
64 37 93.00537618869137
64 38 54.08326913195984
64 39 122.7721466783081
64 40 41.10960958218893
64 41 206.196508214858
64 42 141.20906486483082
64 43 150.08331019803634
64 44 72.02777242147643
64 45 45.09988913511872
64 46 73.60027173862879
64 47 131.0267148332736
64 48 106.77546534667971
64 49 61.40032573203501
64 50 99.46356116689167
64 51 211.98113123577767
64 52 79.62411694957753
64 53 118.18629362155326
64 54 169.11830178901394
64 55 55.154328932550705
64 56 78.18567643756751
64 57 152.46311029229332
64 58 10.44030650891055
64 59 69.87131027825369
64 60 135.14806694880988
64 61 44.14748010928823
64 62 82.73451516749222
64 63 84.30895563343196
64 65 128.00390619039717
64 66 4.0
64 67 185.31055015837603
64 68 55.226805085936306
64 69 77.46612162745726
64 70 168.86088949191284
64 71 45.27692569068709
64 72 151.43315356948756
64 73 161.24515496597098
64 74 124.57929201917949
64 75 84.50443775329198
64 76 87.20091742636656
64 77 43.04648650006177
64 78 200.5691900566984
64 79 210.63950246807934
64 80 156.4736399525492
64 81 82.87339742040264
64 82 150.0133327407934
64 83 121.2023102090055
64 84 74.33034373659252
64 85 69.20260110718382
64 86 58.0
64 87 150.33296378372907
64 88 8.06225774829855
64 89 168.07438829280326
64 90 74.27651041883968
64 91 234.15593095200472
64 92 119.47384651043926
64 93 39.84971769034255
64 94 135.67977004697494
64 95 137.56816492197603
64 96 96.21330469326995
64 97 211.98348992315417
64 98 130.87398519186308
64 99 104.80935072788114
64 100 121.51131634543344
65 0 138.19551367537227
65 1 191.2694434560837
65 2 236.40008460235373
65 3 238.8053600738476
65 4 181.02486017119307
65 5 235.46761985462035
65 6 256.6398254363496
65 7 253.17977802344325
65 8 197.0101520226813
65 9 203.79646709401024
65 10 111.28791488746656
65 11 47.41307836451879
65 12 207.39334608419819
65 13 100.9554357129917
65 14 223.23082224459955
65 15 3.605551275463989
65 16 203.54115063052976
65 17 111.01801655587259
65 18 122.53978945632312
65 19 47.80167361086848
65 20 50.24937810560445
65 21 197.39554199626699
65 22 259.34147373684755
65 23 82.49242389456137
65 24 45.48626166217664
65 25 271.1180554666177
65 26 140.61649974309557
65 27 219.02054698132775
65 28 173.4848696572701
65 29 269.6145396672813
65 30 85.86617494683223
65 31 206.87435800504613
65 32 99.24716620639605
65 33 167.37084572887835
65 34 146.98639392814562
65 35 129.76902558006668
65 36 169.11830178901394
65 37 205.73040611440985
65 38 149.164338901763
65 39 242.1239352067449
65 40 88.07383266328314
65 41 274.87451682540524
65 42 249.04015740438328
65 43 70.11419257183242
65 44 199.49185447030163
65 45 83.02409288875127
65 46 186.72439583514523
65 47 149.4824404403407
65 48 62.609903369994115
65 49 142.57980221616245
65 50 169.59363195591985
65 51 205.00975586542216
65 52 207.4825293850063
65 53 237.16871631815187
65 54 141.06027080648894
65 55 152.08221460775746
65 56 165.14841809717706
65 57 265.34505836740203
65 58 132.5745073534124
65 59 127.534309109353
65 60 151.85519418182574
65 61 139.6352391053204
65 62 57.0087712549569
65 63 205.62344224333955
65 64 128.00390619039717
65 66 128.56515857727553
65 67 198.1136037731887
65 68 88.52683209061533
65 69 203.00246303924493
65 70 238.65665714578338
65 71 135.14806694880988
65 72 68.00735254367721
65 73 274.5632896073326
65 74 5.0
65 75 169.1685549976709
65 76 92.41753080449618
65 77 131.79529581893277
65 78 255.34486483969087
65 79 174.9514218290323
65 80 74.00675644831355
65 81 210.86725682286476
65 82 29.206163733020468
65 83 10.816653826391969
65 84 190.70920271449933
65 85 183.30848316430968
65 86 90.80198235721508
65 87 66.007575322837
65 88 135.4843164355196
65 89 128.57682528356344
65 90 84.970583144992
65 91 182.0109886792553
65 92 68.09552114493287
65 93 127.04723531033645
65 94 262.1945842308723
65 95 264.43902888945877
65 96 207.50421682462263
65 97 175.75551200460256
65 98 97.06183596038146
65 99 194.07730418572905
65 100 69.35416353759881
66 0 83.09632964216891
66 1 71.42128534267638
66 2 131.89389675038038
66 3 174.55371666051687
66 4 147.0136048126159
66 5 118.96217886370441
66 6 128.73616430514
66 7 124.61540835707277
66 8 72.27724399837061
66 9 84.970583144992
66 10 102.45974819410792
66 11 85.0235261559999
66 12 79.1012010022604
66 13 87.32124598286491
66 14 132.20060514233663
66 15 131.24023773218335
66 16 216.83173199511182
66 17 110.46266337545913
66 18 75.92759709091287
66 19 87.46427842267951
66 20 84.2140130857092
66 21 109.41663493271945
66 22 131.3202193114221
66 23 83.54639429682169
66 24 89.1403387922662
66 25 207.23416706711276
66 26 58.855755878248644
66 27 130.09611831257686
66 28 136.01470508735443
66 29 203.5313243704762
66 30 60.8276253029822
66 31 88.10221336606703
66 32 68.76772498781678
66 33 83.57032966310472
66 34 56.32051136131489
66 35 43.965895873961216
66 36 102.39140588936164
66 37 95.42536350467836
66 38 57.87054518492115
66 39 124.39051410778879
66 40 41.012193308819754
66 41 209.8118204487059
66 42 143.68020044529447
66 43 152.41062955056645
66 44 72.24956747275377
66 45 45.5411901469428
66 46 70.43436661176133
66 47 134.937022347464
66 48 105.34229919647663
66 49 57.42821606144492
66 50 103.36827366266692
66 51 215.87033144922904
66 52 78.91767862779544
66 53 119.86659251017358
66 54 172.6528308484978
66 55 58.872744118140105
66 56 81.93289937503738
66 57 154.5477272560163
66 58 6.708203932499369
66 59 73.824115301167
66 60 139.05754204644924
66 61 48.05205510693585
66 62 84.59905436823747
66 63 85.90692637965812
66 64 4.0
66 65 128.56515857727553
66 67 189.2828571212935
66 68 57.982756057296896
66 69 78.33900688673555
66 70 172.53985046939155
66 71 49.25444142409901
66 72 153.68799562750502
66 73 163.2666530556684
66 74 125.02799686470227
66 75 88.25531145489205
66 76 90.44335243676011
66 77 47.042533945356304
66 78 204.40156555173445
66 79 214.21717951648975
66 80 158.80806024884254
66 81 82.38931969618392
66 82 150.0133327407934
66 83 121.49897118905987
66 84 71.42128534267638
66 85 66.06814663663572
66 86 60.959002616512684
66 87 152.55163060419906
66 88 7.0
66 89 171.42053552593984
66 90 77.23341245859851
66 91 237.54788990854033
66 92 122.0245876862528
66 93 36.05551275463989
66 94 134.40610105199838
66 95 136.40014662748717
66 96 98.71676655968832
66 97 215.55741694499866
66 98 134.01492454200763
66 99 108.30050784737807
66 100 124.08464852672147
67 0 106.53168542738823
67 1 248.94376875109768
67 2 159.02201105507376
67 3 90.80198235721508
67 4 47.50789408087881
67 5 185.31055015837603
67 6 268.5162937328013
67 7 253.5527558517162
67 8 193.29769786523585
67 9 179.17589123540031
67 10 97.29337079164233
67 11 200.1724256734678
67 12 216.9446934128604
67 13 113.95174417269794
67 14 130.09611831257686
67 15 201.40506448448608
67 16 38.8329756778952
67 17 93.00537618869137
67 18 114.10959644131601
67 19 165.8493292117879
67 20 203.66639388961548
67 21 122.14745187681976
67 22 269.3120866207085
67 23 130.50670480860362
67 24 204.29880077964236
67 25 107.00467279516349
67 26 246.2925090212855
67 27 125.60652849274993
67 28 57.271284253105414
67 29 109.07336980216573
67 30 147.648230602334
67 31 180.00555546982432
67 32 234.92339176846565
67 33 121.67168939404104
67 34 139.2838827718412
67 35 230.17601960239037
67 36 98.38699100999075
67 37 161.40012391568973
67 38 138.88484438555562
67 39 191.62724232217087
67 40 187.9627622695517
67 41 111.01801655587259
67 42 166.01204775557707
67 43 140.73023839957068
67 44 204.84140206510986
67 45 182.45547402037573
67 46 251.80349481291955
67 47 56.32051136131489
67 48 236.86494041964082
67 49 245.45875417267155
67 50 97.49358953285082
67 51 35.608987629529715
67 52 223.60679774997897
67 53 188.13824704190267
67 54 67.7421582177598
67 55 139.77839604173457
67 56 121.74152947946727
67 57 186.1316738225926
67 58 195.6041921841145
67 59 115.52488909321661
67 60 52.46903848937962
67 61 144.5856147754679
67 62 155.92626462530293
67 63 181.94504664870655
67 64 185.31055015837603
67 65 198.1136037731887
67 66 189.2828571212935
67 68 148.22280526288793
67 69 195.35864454894235
67 70 93.60555539069249
67 71 141.59802258506295
67 72 144.27751037497146
67 73 192.50974001333023
67 74 199.96999774966244
67 75 117.17081547894082
67 76 117.881296226331
67 77 143.02796929272262
67 78 80.39900496896712
67 79 73.10950690573696
67 80 141.6756859873987
67 81 221.8828519737386
67 82 225.78751072634643
67 83 202.80532537386685
67 84 249.6096953245206
67 85 247.42069436488129
67 86 143.13629868066312
67 87 145.67086187704115
67 88 190.22355269524328
67 89 83.52843827104634
67 90 133.19534526401438
67 91 103.9471019317037
67 92 130.08458786497346
67 93 222.22511109233358
67 94 273.7535387899123
67 95 272.91940202191563
67 96 158.83639381451596
67 97 74.16872656315464
67 98 101.6070863670443
67 99 118.84864324004712
67 100 128.96898852049665
68 0 55.97320787662612
68 1 129.40247292845683
68 2 148.00675660252813
68 3 160.86329600005092
68 4 114.38968484964018
68 5 147.57371039585607
68 6 182.03571078225283
68 7 174.9771413642365
68 8 113.35784048754634
68 9 117.03845521878696
68 10 52.03844732503075
68 11 61.5223536610881
68 12 128.16005617976296
68 13 35.05709628591621
68 14 136.4734406395618
68 15 91.92388155425118
68 16 169.49926253526885
68 17 58.54912467321779
68 18 40.80441152620633
68 19 40.792156108742276
68 20 63.702433234531945
68 21 110.5350623105628
68 22 184.31766057543157
68 23 25.80697580112788
68 24 66.48308055437865
68 25 194.3707796969493
68 26 103.74005976477939
68 27 132.59336333316233
68 28 104.27847332982968
68 29 191.91925385432282
68 30 3.1622776601683795
68 31 120.01666550941998
68 32 86.70063436907483
68 33 80.06247560499239
68 34 58.463663928973865
68 35 87.5956619930462
68 36 86.31338250816034
68 37 117.38824472663352
68 38 60.63827174318213
68 39 154.39235732380018
68 40 40.0
68 41 197.73972792537162
68 42 160.65490966665163
68 43 95.524865872714
68 44 118.29623831720095
68 45 34.23448553724738
68 46 128.22246293064254
68 47 91.92388155425118
68 48 96.40020746865642
68 49 103.73041983911952
68 50 87.0
68 51 169.23947530053383
68 52 130.26895255585654
68 53 149.40548852033515
68 54 118.59595271340417
68 55 63.56099432828282
68 56 77.82673062643708
68 57 176.81911661356077
68 58 64.38167441127949
68 59 43.86342439892262
68 60 95.75489543621255
68 61 51.35172830587107
68 62 33.0
68 63 119.10499569707393
68 64 55.226805085936306
68 65 88.52683209061533
68 66 57.982756057296896
68 67 148.22280526288793
68 69 119.05040949110591
68 70 159.9624956044385
68 71 46.69047011971501
68 72 97.12878049270464
68 73 186.03763060198332
68 74 86.68333173107735
68 75 82.49242389456137
68 76 34.785054261852174
68 77 43.41658669218482
68 78 183.91846019364124
68 79 160.3652081967906
68 80 101.87246929372037
68 81 132.4009063413087
68 82 115.76700738984316
68 83 85.44003745317531
68 84 129.40247292845683
68 85 123.90722335683259
68 86 5.0990195135927845
68 87 96.17692030835673
68 88 63.12685640834652
68 89 115.3819743287486
68 90 19.72308292331602
68 91 181.59570479501986
68 92 64.40496875241847
68 93 80.4114419718985
68 94 187.8430195668713
68 95 189.274932307477
68 96 119.05040949110591
68 97 161.64467204334326
68 98 76.8505042273634
68 99 107.54068997360952
68 100 66.40030120413611
69 0 102.44998779892558
69 1 73.38937252763509
69 2 71.16881339463234
69 3 143.42245291445826
69 4 147.85127662620977
69 5 46.09772228646444
69 6 73.87827826905551
69 7 61.07372593840988
69 8 6.082762530298219
69 9 19.0
69 10 140.13208055259867
69 11 162.36378906640482
69 12 23.194827009486403
69 13 131.94695904036593
69 14 87.05170877128145
69 15 206.0024271701671
69 16 231.0432859877127
69 17 148.4082207965583
69 18 108.04628637764465
69 19 157.62296786953354
69 20 161.94134740701648
69 21 77.62087348130012
69 22 75.07329751649384
69 23 138.82723075823418
69 24 166.73631877908304
69 25 170.23806859806652
69 26 115.43396380615195
69 27 88.02272433866155
69 28 138.43771162512041
69 29 165.36626016210198
69 30 122.18428704215611
69 31 20.223748416156685
69 32 143.10835055998655
69 33 74.81310045707235
69 34 69.46221994724903
69 35 107.89810007595129
69 36 97.3498844375277
69 37 40.01249804748511
69 38 68.26419266350405
69 39 49.57822102496216
69 40 118.37651794169315
69 41 171.49344010777787
69 42 79.60527620704548
69 43 211.28653530218153
69 44 13.601470508735444
69 45 121.59358535712317
69 46 80.62257748298549
69 47 153.57408635573907
69 48 183.43936327844142
69 49 112.53888216967503
69 50 98.18350166906862
69 51 228.81652038259824
69 52 31.064449134018133
69 53 45.967379738244816
69 54 205.65018842685265
69 55 65.73431371817918
69 56 75.28612089887484
69 57 83.6301381082203
69 58 77.1621668954417
69 59 102.39628899525607
69 60 157.20687007888682
69 61 71.69379331573968
69 62 151.6047492659778
69 63 17.11724276862369
69 64 77.46612162745726
69 65 203.00246303924493
69 66 78.33900688673555
69 67 195.35864454894235
69 68 119.05040949110591
69 70 140.28898745090436
69 71 77.07788269017254
69 72 213.45959805077868
69 73 91.21951545584969
69 74 200.02249873451737
69 75 78.81624198095213
69 76 139.31618714277246
69 77 79.12016177940993
69 78 177.91290003819284
69 79 243.24884377936928
69 80 217.34994824015948
69 81 27.65863337187866
69 82 226.63847863944022
69 83 197.1623696347759
69 84 74.67261881037788
69 85 77.82030583337487
69 86 119.10079764636339
69 87 212.82152146810716
69 88 71.56814934033156
69 89 210.20466217474817
69 90 132.85330255586422
69 91 271.82715096178305
69 92 179.3348822733603
69 93 102.7277956543408
69 94 79.39773296511683
69 95 79.20858539325141
69 96 44.0
69 97 244.6630335788388
69 98 180.3690660839602
69 99 79.6994353806851
69 100 180.95303258028034
70 0 104.00480758118829
70 1 209.6115454835444
70 2 80.11242100947892
70 3 3.605551275463989
70 4 66.09841147864296
70 5 112.00892821556681
70 6 204.80478510034868
70 7 187.55532517100121
70 8 141.0319112825179
70 9 121.33424908079334
70 10 128.2809416865966
70 11 221.41589825484527
70 12 163.44112089679268
70 13 137.80058055030102
70 14 54.3415126767741
70 15 242.26019070412704
70 16 131.30879635424276
70 17 130.59862173851607
70 18 119.50313803411188
70 19 194.3707796969493
70 20 223.66492796144863
70 21 65.92419889539804
70 22 204.68756679388224
70 23 156.64609794054877
70 24 226.34486961272174
70 25 34.9857113690718
70 26 230.25637884757938
70 27 52.46903848937962
70 28 68.9492567037528
70 29 32.01562118716424
70 30 161.27616066858735
70 31 120.59850745345068
70 32 236.17154782064668
70 33 89.05054744357274
70 34 116.73045875006231
70 35 216.33538776631067
70 36 74.2024258363566
70 37 100.31948963187563
70 38 114.96521212958292
70 39 116.46887996370532
70 40 191.38442987871298
70 41 38.01315561749642
70 42 82.37718130647589
70 43 202.1410398706804
70 44 153.08167754502824
70 45 188.80677953929515
70 46 215.23243250030885
70 47 98.76234100101111
70 48 256.08787554275193
70 49 228.32433072276814
70 50 73.40980860893181
70 51 127.63228431709588
70 52 171.35343591536179
70 53 114.58621208504974
70 54 147.12239802287073
70 55 113.718951806636
70 56 90.80198235721508
70 57 100.12492197250393
70 58 176.9773996870787
70 59 116.10340218959993
70 60 98.71676655968832
70 61 125.67020331009256
70 62 183.86136081297778
70 63 123.4908903522847
70 64 168.86088949191284
70 65 238.65665714578338
70 66 172.53985046939155
70 67 93.60555539069249
70 68 159.9624956044385
70 69 140.28898745090436
70 71 126.26955294131677
70 72 205.64532574313475
70 73 104.66135867644753
70 74 238.60008382228202
70 75 84.52810183601665
70 76 146.23952953972466
70 77 129.49517365523704
70 78 38.07886552931954
70 79 165.32694880145826
70 80 205.54804791094466
70 81 167.6722994414999
70 82 267.83950418114205
70 83 239.2655428598109
70 84 210.68697159530296
70 85 211.482859825566
70 86 155.62133529821674
70 87 206.34437234875102
70 88 169.94410845922255
70 89 160.70158679988197
70 90 155.32224567009067
70 91 196.75619431164043
70 92 178.88543819998318
70 93 208.54256160314134
70 94 209.0956718825141
70 95 207.13522153414664
70 96 96.42095207992918
70 97 166.50825805346713
70 98 158.14550262337528
70 99 65.73431371817918
70 100 178.89941307897016
71 0 35.17101079013795
71 1 109.16501271011697
71 2 101.95096860746347
71 3 127.94139283281233
71 4 98.04590761474952
71 5 101.1236866416568
71 6 146.60491124106312
71 7 136.69308687713507
71 8 72.01388754955533
71 9 71.84705978674423
71 10 65.11528238439882
71 11 103.4456378974
71 12 91.02197536858887
71 13 55.072679252057455
71 14 93.40770846134703
71 15 138.51353724455961
71 16 171.47011401407536
71 17 73.59347797189639
71 18 33.301651610693426
71 19 87.47571091451616
71 20 104.62313319720452
71 21 68.01470429252781
71 22 148.44864431849825
71 23 62.369864518050704
71 24 108.40664186294121
71 25 161.24515496597098
71 26 108.04628637764465
71 27 90.13878188659973
71 28 87.05170877128145
71 29 157.95252451290546
71 30 49.49747468305833
71 31 74.67261881037788
71 32 109.9317970379817
71 33 38.28837943815329
71 34 12.083045973594572
71 35 92.76313923105448
71 36 53.75872022286245
71 37 70.71067811865476
71 38 14.317821063276353
71 39 108.04165863221463
71 40 66.48308055437865
71 41 164.12495239907915
71 42 114.58621208504974
71 43 134.40610105199838
71 44 79.61155694998057
71 45 65.29931086925804
71 46 111.07204868912791
71 47 89.31965069345043
71 48 134.31678971744373
71 49 106.6770828247567
71 50 54.70831746635972
71 51 170.13524032369074
71 52 95.13148795220224
71 53 103.04368005850722
71 54 134.31678971744373
71 55 17.08800749063506
71 56 36.235341863986875
71 57 130.24976007655445
71 58 55.036351623268054
71 59 28.844410203711913
71 60 93.40770846134703
71 61 5.385164807134504
71 62 79.40403012442127
71 63 74.14849964766651
71 64 45.27692569068709
71 65 135.14806694880988
71 66 49.25444142409901
71 67 141.59802258506295
71 68 46.69047011971501
71 69 77.07788269017254
71 70 126.26955294131677
71 72 136.6821129482567
71 73 139.46325680981354
71 74 133.15404612703287
71 75 42.20189569201838
71 76 62.24146527838174
71 77 3.605551275463989
71 78 156.26259949200897
71 79 174.49641830135081
71 80 140.40655255364686
71 81 95.80187889597991
71 82 161.96913286178943
71 83 131.60547101089682
71 84 109.65856099730654
71 85 106.6255128944288
71 86 45.09988913511872
71 87 136.12494260788506
71 88 49.040799340956916
71 89 136.48809471891678
71 90 56.71860364994893
71 91 200.7710138441304
71 92 102.48902380255166
71 93 84.72307831990054
71 94 152.41062955056645
71 95 153.11760186209813
71 96 72.3671196055225
71 97 175.88916964952674
71 98 104.0096149401583
71 99 65.76473218982953
71 100 104.04326023342406
72 0 122.10241602851272
72 1 224.43930137121706
72 2 226.00884938426637
72 3 204.83407919582132
72 4 140.9432509913121
72 5 234.47814397081873
72 6 279.06450867138227
72 7 271.41296947640507
72 8 208.12496246245908
72 9 208.09613163151303
72 10 83.15046602394962
72 11 98.89893831583835
72 12 224.69757453074567
72 13 83.86298349093002
72 14 205.7887266105702
72 15 70.11419257183242
72 16 141.66156853571826
72 17 77.78174593052023
72 18 109.89540481748998
72 19 71.06335201775947
72 20 102.95630140987001
72 21 182.0988742414406
72 22 281.298773548695
72 23 74.67261881037788
72 24 100.08995953640904
72 25 233.92733914615454
72 26 186.47251808242416
72 27 200.90047287151916
72 28 136.7040599250805
72 29 233.63432966925043
72 30 94.02127418834527
72 31 210.77476129745705
72 32 152.2005256232711
72 33 156.32018423735306
72 34 146.01369798755184
72 35 172.246915792417
72 36 148.48568954616468
72 37 203.08126452235814
72 38 147.73286702694156
72 39 241.69609016283238
72 40 121.63058825805291
72 41 237.96848530845423
72 42 238.00840321299583
72 43 3.605551275463989
72 44 214.30818929756276
72 45 114.5512985522207
72 46 222.1463481581455
72 47 107.42439201596628
72 48 126.90547663517127
72 49 187.57931655702342
72 50 148.56984889270097
72 51 143.7358688706476
72 52 227.19154913860683
72 53 236.7530358833863
72 54 79.63039620647382
72 55 150.65855435387664
72 56 154.39235732380018
72 57 257.07002936943076
72 58 159.6151621870554
72 59 115.97413504743201
72 60 108.2266141020775
72 61 142.04576727238302
72 62 70.09279563550022
72 63 210.52315787105226
72 64 151.43315356948756
72 65 68.00735254367721
72 66 153.68799562750502
72 67 144.27751037497146
72 68 97.12878049270464
72 69 213.45959805077868
72 70 205.64532574313475
72 71 136.6821129482567
72 73 266.03007348794233
72 74 72.02777242147643
72 75 156.08010763707205
72 76 75.31268153505093
72 77 134.40610105199838
72 78 213.3541656495134
72 79 108.52188719332152
72 80 6.324555320336759
72 81 229.08513701242165
72 82 89.28605714219886
72 83 77.1621668954417
72 84 224.26992665089986
72 85 218.04815981796315
72 86 95.70788891204319
72 87 2.0
72 88 159.47727110782904
72 89 65.0
72 90 80.77747210701756
72 91 114.00438588054409
72 92 34.20526275297414
72 93 166.97305171793442
72 94 284.8806767753826
72 95 286.2254356272342
72 96 203.54115063052976
72 97 109.20164833920778
72 98 47.53945729601885
72 99 178.13758727455584
72 100 32.7566787083184
73 0 144.00347218036097
73 1 160.86329600005092
73 2 40.049968789001575
73 3 108.2081327812286
73 4 151.7003625572464
73 5 45.34313619501854
73 6 123.17873193047572
73 7 105.38026380684383
73 8 96.20810776644555
73 9 78.81624198095213
73 10 183.22117781522965
73 11 240.87548650703334
73 12 107.07474025184464
73 13 183.17477992343814
73 14 64.8459713474939
73 15 277.94963572561124
73 16 231.32660893204655
73 17 189.59430371189953
73 18 157.31814898478814
73 19 226.80828909014767
73 20 241.40422531513403
73 21 84.5931439302264
73 22 121.80722474467596
73 23 197.2308292331602
73 24 245.68679248181007
73 25 118.53269591129698
73 26 206.55265672462312
73 27 69.8927750200262
73 28 147.4720312466062
73 29 113.17685275708986
73 30 188.73261509341728
73 31 75.8023746329889
73 32 231.3114783144148
73 33 110.16351483136329
73 34 127.57742747053649
73 35 198.20443990990717
73 36 119.07980517283357
73 37 69.6419413859206
73 38 125.39936203984452
73 39 41.86884283091664
73 40 199.12307751739877
73 41 117.63077828527702
73 42 28.635642126552707
73 43 263.0684321616716
73 44 103.47946656221224
73 45 200.38463014912097
73 46 168.92897915988246
73 47 174.72263734273244
73 48 267.4341040331244
73 49 203.69094236121546
73 50 119.21828718783037
73 51 227.98245546532743
73 52 114.28035701729323
73 53 45.254833995939045
73 54 230.5666931714119
73 55 122.48265183282079
73 56 112.21853679316978
73 57 9.219544457292887
73 58 163.9176622576103
73 59 151.40013210033868
73 60 176.81911661356077
73 61 135.1628647225265
73 62 218.27734651126764
73 63 78.40918313565064
73 64 161.24515496597098
73 65 274.5632896073326
73 66 163.2666530556684
73 67 192.50974001333023
73 68 186.03763060198332
73 69 91.21951545584969
73 70 104.66135867644753
73 71 139.46325680981354
73 72 266.03007348794233
73 74 272.6169473822198
73 75 110.00454536063498
73 76 192.26024029944412
73 77 142.87407042567241
73 78 138.80922159568507
73 79 258.62907802488104
73 80 268.1865022703417
73 81 108.75660899458019
73 82 301.37020423392886
73 83 271.01660465735307
73 84 162.24980739587951
73 85 166.82026255823962
73 86 183.96738841436002
73 87 266.00751869073173
73 88 157.30543537970962
73 89 240.6013300046365
73 90 192.7615106809448
73 91 290.0844704564517
73 92 233.05364189387817
73 93 192.4266093865399
73 94 125.57467897629681
73 95 122.3315167894194
73 96 67.35725647619564
73 97 259.95576546789647
73 98 223.0874268084152
73 99 88.68483523128404
73 100 234.01922997907673
74 0 137.43725841270262
74 1 187.0320828093405
74 2 234.68276459936294
74 3 238.8242031285774
74 4 181.76083186429358
74 5 233.1179958733345
74 6 252.83393759541065
74 7 249.6096953245206
74 8 194.0103090044444
74 9 201.20636172845033
74 10 111.75866856758807
74 11 42.95346318982906
74 12 203.98284241572867
74 13 100.80178569846865
74 14 222.05629916757596
74 15 6.324555320336759
74 16 206.24257562394823
74 17 111.8659912573969
74 18 121.70866854912184
74 19 46.238512086787566
74 20 45.65084884205331
74 21 196.17339269126177
74 22 255.55625603768732
74 23 82.09750300709517
74 24 40.8166632639171
74 25 271.31162894354526
74 26 135.91173606425605
74 27 217.91053209975877
74 28 174.0
74 29 269.71281022598833
74 30 84.11896337925236
74 31 204.29880077964236
74 32 94.36630754670864
74 33 166.01204775557707
74 34 145.06550244630873
74 35 125.23977004130916
74 36 168.43990026119107
74 37 203.59273071502332
74 38 147.2582765076381
74 39 239.7185850116757
74 40 84.34453153583817
74 41 275.0363612324741
74 42 247.329739416836
74 43 74.00675644831355
74 44 196.25493624365222
74 45 79.51100552753688
74 46 182.3869512876401
74 47 150.57224179774968
74 48 57.697486947006624
74 49 137.90576492663388
74 50 168.94081803992782
74 51 207.63429389192913
74 52 203.93136100168604
74 53 234.77648945326703
74 54 143.8923208513922
74 55 150.1532550429727
74 56 163.783393541592
74 57 263.40273347101015
74 58 128.89142717807107
74 59 126.56223765404908
74 60 153.05227865013967
74 61 137.53908535394584
74 62 55.90169943749474
74 63 202.98768435548004
74 64 124.57929201917949
74 65 5.0
74 66 125.02799686470227
74 67 199.96999774966244
74 68 86.68333173107735
74 69 200.02249873451737
74 70 238.60008382228202
74 71 133.15404612703287
74 72 72.02777242147643
74 73 272.6169473822198
74 75 167.94344286098223
74 76 92.45539465060976
74 77 129.75746606650424
74 78 255.97656142701817
74 79 178.3732042656632
74 80 78.10249675906654
74 81 207.39334608419819
74 82 29.5296461204668
74 83 5.830951894845301
74 84 186.45374761586316
74 85 179.0111728356641
74 86 89.19641248391103
74 87 70.02856560004639
74 88 131.97348218486925
74 89 131.70041761513136
74 90 84.21995013059554
74 91 186.00268815261785
74 92 70.21395872616783
74 93 122.65398485169571
74 94 258.36601943754135
74 95 260.6549443229497
74 96 205.44829033116824
74 97 179.20100446147057
74 98 99.31767214348109
74 99 192.91708063310517
74 100 71.58910531638176
75 0 34.0
75 1 134.6476884316994
75 2 70.06425622241343
75 3 86.4060183089118
75 4 69.85699678629192
75 5 81.34494452638098
75 6 152.6106156202772
75 7 138.77319625922004
75 8 76.32168761236873
75 9 64.35060217278468
75 10 73.68174807915459
75 11 143.0034964607509
75 12 99.84988733093293
75 13 73.33484846919642
75 14 54.12947441089743
75 15 172.69916039170545
75 16 152.26621424334422
75 17 80.60397012554654
75 18 47.853944456021594
75 19 121.74152947946727
75 20 144.62710672622887
75 21 28.231188426986208
75 22 153.67498169838836
75 23 88.52683209061533
75 24 148.00337833982033
75 25 119.41942890501528
75 26 146.5639792036229
75 27 50.11985634456667
75 28 59.941638282582836
75 29 115.97413504743201
75 30 84.59905436823747
75 31 65.85590330410783
75 32 152.0131573252789
75 33 5.0
75 34 32.202484376209235
75 35 132.18925826253812
75 36 18.788294228055936
75 37 51.0
75 38 30.463092423455635
75 39 88.60022573334675
75 40 108.4665847162157
75 41 122.18837915284743
75 42 82.29823813423954
75 43 153.16004700965587
75 44 87.70974860299168
75 45 106.77546534667971
75 46 138.70832707519762
75 47 75.92759709091287
75 48 175.50498568416796
75 49 144.80676779764127
75 50 19.697715603592208
75 51 150.0966355385756
75 52 106.4377752492037
75 53 83.93449827097318
75 54 130.38404810405297
75 55 29.410882339705484
75 56 6.324555320336759
75 57 101.00495037373169
75 58 93.00537618869137
75 59 42.20189569201838
75 60 79.30952023559341
75 61 41.182520563948
75 62 112.16059914247963
75 63 67.17886572427373
75 64 84.50443775329198
75 65 169.1685549976709
75 66 88.25531145489205
75 67 117.17081547894082
75 68 82.49242389456137
75 69 78.81624198095213
75 70 84.52810183601665
75 71 42.20189569201838
75 72 156.08010763707205
75 73 110.00454536063498
75 74 167.94344286098223
75 76 82.49242389456137
75 77 45.60701700396552
75 78 116.41735265844177
75 79 165.8493292117879
75 80 158.38244852255568
75 81 104.80935072788114
75 82 197.3854097951518
75 83 167.28717822953436
75 84 135.4843164355196
75 85 134.5362404707371
75 86 79.17701686727027
75 87 156.02884348735012
75 88 86.1278120005379
75 89 137.2953021774598
75 90 84.77027781009096
75 91 195.41238445912276
75 92 123.06502346320826
75 93 124.31009613060397
75 94 158.05062480104277
75 95 157.61345120261785
75 96 50.15974481593781
75 97 167.2602762164406
75 98 114.33722053644648
75 99 25.059928172283335
75 100 124.01612798341996
76 0 48.83646178829912
76 1 161.19863522995473
76 2 152.47294842036735
76 3 146.40013661195812
76 4 90.80198235721508
76 5 159.26079241294764
76 6 207.77150911518163
76 7 198.64792976520042
76 8 134.23859355639868
76 9 132.9661611087573
76 10 21.02379604162864
76 11 82.85529554590944
76 12 152.46311029229332
76 13 9.219544457292887
76 14 134.8517704741024
76 15 96.02083107326243
76 16 136.01470508735443
76 17 25.179356624028344
76 18 35.0
76 19 50.21951811795888
76 20 86.16263691415206
76 21 109.83624174196785
76 22 209.77368757782756
76 23 12.649110640673518
76 24 87.23531395025755
76 25 178.86866690396056
76 26 138.52075656738234
76 27 130.24976007655445
76 28 82.21921916437786
76 29 177.2596964907703
76 30 32.984845004941285
76 31 135.5949851580065
76 32 119.0
76 33 82.09750300709517
76 34 70.8801805866774
76 35 122.38055401083949
76 36 78.43468620451031
76 37 127.88275880665071
76 38 72.53275122315436
76 39 166.4602054546371
76 40 73.824115301167
76 41 182.58422713914803
76 42 164.77863939236784
76 43 72.78049189171504
76 44 141.4213562373095
76 45 67.36467917239716
76 46 160.80111939908875
76 47 62.76941930590086
76 48 119.6202324023825
76 49 138.51353724455961
76 50 78.77182237323191
76 51 136.01470508735443
76 52 155.8717421471897
76 53 161.50541786577935
76 54 83.81527307120105
76 55 75.43208866258443
76 56 80.05623023850174
76 57 183.17477992343814
76 58 97.082439194738
76 59 41.012193308819754
76 60 66.12866246946176
76 61 67.62396025078685
76 62 39.66106403010388
76 63 135.4400236266961
76 64 87.20091742636656
76 65 92.41753080449618
76 66 90.44335243676011
76 67 117.881296226331
76 68 34.785054261852174
76 69 139.31618714277246
76 70 146.23952953972466
76 71 62.24146527838174
76 72 75.31268153505093
76 73 192.26024029944412
76 74 92.45539465060976
76 75 82.49242389456137
76 77 60.37383539249432
76 78 164.26807358704855
76 79 125.59060474414477
76 80 78.587530817554
76 81 157.09869509324386
76 82 121.60592090848209
76 83 93.43446901438462
76 84 161.33505508723144
76 85 156.40012787718558
76 86 30.463092423455635
76 87 74.96665925596525
76 88 94.64142856064674
76 89 81.12336284942828
76 90 16.0312195418814
76 91 147.35331689514152
76 92 41.30375285612676
76 93 115.16944039110375
76 94 213.60009363293827
76 95 214.55302374937528
76 96 128.47178678604885
76 97 126.87395319765204
76 98 43.86342439892262
76 99 106.09901036296239
76 100 42.579337712087536
77 0 36.49657518178932
77 1 108.67382389517726
77 2 105.47511554864494
77 3 131.12589370524802
77 4 100.0
77 5 104.23531071570709
77 6 147.87156589419075
77 7 138.31124321616085
77 8 73.92563831310488
77 9 74.54528824815154
77 10 64.35060217278468
77 11 99.84988733093293
77 12 92.35799911215054
77 13 53.53503525729669
77 14 97.0051545022222
77 15 135.14806694880988
77 16 172.35138525698017
77 17 72.83543093852057
77 18 33.015148038438355
77 19 84.17244204607586
77 20 101.01980003939822
77 21 71.58910531638176
77 22 149.77316181479245
77 23 59.90826320300064
77 24 104.80935072788114
77 25 164.47796204963143
77 26 105.68348972285122
77 27 93.72299611087985
77 28 89.0
77 29 161.22654868228122
77 30 46.2709412050371
77 31 77.41446893184762
77 32 106.6770828247567
77 33 41.773197148410844
77 34 15.652475842498529
77 35 90.2551937563706
77 36 56.64803615307419
77 37 73.97972695272672
77 38 17.88854381999832
77 39 111.11255554616679
77 40 62.96824596572466
77 41 167.38578195294843
77 42 118.10588469674151
77 43 132.18925826253812
77 44 81.12336284942828
77 45 61.71709649683789
77 46 110.30865786510141
77 47 90.13878188659973
77 48 130.728726758888
77 49 104.38869670610895
77 50 57.584720195551874
77 51 171.09354166653983
77 52 96.21330469326995
77 53 106.1178590059185
77 54 134.01492454200763
77 55 20.615528128088304
77 56 39.698866482558415
77 57 133.6637572418193
77 58 53.009433122794285
77 59 29.068883707497267
77 60 94.2443632266673
77 61 8.0
77 62 76.23647421018367
77 63 76.79192665899195
77 64 43.04648650006177
77 65 131.79529581893277
77 66 47.042533945356304
77 67 143.02796929272262
77 68 43.41658669218482
77 69 79.12016177940993
77 70 129.49517365523704
77 71 3.605551275463989
77 72 134.40610105199838
77 73 142.87407042567241
77 74 129.75746606650424
77 75 45.60701700396552
77 76 60.37383539249432
77 78 159.17600321656528
77 79 174.45343218177166
77 80 138.23530663329106
77 81 97.082439194738
77 82 158.52129194527782
77 83 128.16005617976296
77 84 109.12378292562992
77 85 105.84894897919393
77 86 42.01190307520001
77 87 133.80956617521784
77 88 47.265209192385896
77 89 135.77186748365804
77 90 54.12947441089743
77 91 200.38463014912097
77 92 100.24470060806208
77 93 82.20097323024831
77 94 153.68799562750502
77 95 154.48624534242524
77 96 75.7099729229908
77 97 175.84083712266613
77 98 102.6498904042279
77 99 69.31089380465383
77 100 101.84301645179212
78 0 128.89142717807107
78 1 246.0995733437992
78 2 117.74548823628021
78 3 34.713109915419565
78 4 74.41102068914255
78 5 149.89329538041386
78 6 242.86004199950224
78 7 225.5681715136247
78 8 178.4040358287895
78 9 159.02201105507376
78 10 144.25671561490648
78 11 244.2396364229197
78 12 201.0994778710278
78 13 156.84705926475002
78 14 92.41753080449618
78 15 258.897663179875
78 16 112.8716084761797
78 17 144.42298985964803
78 18 143.20963654726592
78 19 214.21951358361358
78 20 246.9169900999119
78 21 102.0196059588548
78 22 242.72000329597887
78 23 175.93180496999398
78 24 249.0180716333656
78 25 27.892651361962706
78 26 262.94486114012574
78 27 90.4267659490264
78 28 82.07313811473277
78 29 31.38470965295043
78 30 184.71599822430107
78 31 158.39823231336896
78 32 264.9169681239765
78 33 121.27654348636426
78 34 148.08105888330215
78 35 248.3646512690564
78 36 102.52804494381037
78 37 138.0507153186828
78 38 146.5639792036229
78 39 154.1460346554526
78 40 218.69156362329116
78 41 31.575306807693888
78 42 118.96217886370441
78 43 209.7546185427153
78 44 190.51509126575775
78 45 215.24404753674375
78 46 251.3901350490906
78 47 107.20074626605917
78 48 280.1303268123607
78 49 261.21638539724114
78 50 101.59232254457027
78 51 108.90362712049586
78 52 208.95932618574363
78 53 152.43359209832983
78 54 144.5441109142811
78 55 145.7737973711325
78 56 122.723265927859
78 57 135.36986370680884
78 58 209.35376758014172
78 59 141.0319112825179
78 60 105.68348972285122
78 61 156.54072952429985
78 62 203.59027481684876
78 63 161.24515496597098
78 64 200.5691900566984
78 65 255.34486483969087
78 66 204.40156555173445
78 67 80.39900496896712
78 68 183.91846019364124
78 69 177.91290003819284
78 70 38.07886552931954
78 71 156.26259949200897
78 72 213.3541656495134
78 73 138.80922159568507
78 74 255.97656142701817
78 75 116.41735265844177
78 76 164.26807358704855
78 77 159.17600321656528
78 79 153.05227865013967
78 80 212.13203435596427
78 81 205.40691322348428
78 82 284.42925306655786
78 83 257.42183279589943
78 84 247.12952069714376
78 85 247.51767613647314
78 86 179.17589123540031
78 87 214.37350582569667
78 88 202.52654147049466
78 89 159.70284906663375
78 90 175.85505395068975
78 91 183.09833423600554
78 92 191.02355875650522
78 93 240.41630560342617
78 94 247.1214276423637
78 95 245.12241839538055
78 96 134.21251804507656
78 97 154.02921800749363
78 98 166.43316977093238
78 99 101.17806086301516
78 100 190.60167890131504
79 0 141.9929575718458
79 1 282.630500831032
79 2 221.94819215303377
79 3 162.78820596099706
79 4 106.92988356862641
79 5 243.81345327934633
79 6 316.89745975630666
79 7 304.08551428833306
79 8 239.7936613007108
79 9 230.1238796822268
79 10 111.8257573191436
79 11 194.25756098540927
79 12 262.09158704544484
79 13 127.12198865656563
79 14 194.09276132818556
79 15 177.48521065147935
79 16 44.77722635447622
79 17 103.75451797391764
79 18 141.4496376806954
79 19 159.6151621870554
79 20 198.3053201505194
79 21 180.01388835309348
79 22 318.2483307104689
79 23 135.72398461583714
79 24 197.0913493789111
79 25 180.02499826412998
79 26 264.0549185302179
79 27 189.1718795170149
79 28 112.0044641967453
79 29 182.17573932881405
79 30 158.43295111813072
79 31 231.70023737579555
79 32 240.8692591427972
79 33 169.17742166140255
79 34 177.1016657177453
79 35 247.95160818191923
79 36 148.8388390172404
79 37 215.84485168750263
79 38 177.5894140989265
79 39 250.7269431074371
79 40 198.48677537810926
79 41 184.0108692441835
79 42 230.76611536358627
79 43 105.77334257741882
79 44 249.96999819978396
79 45 191.637678967368
79 46 283.425475213503
79 47 89.9388681271896
79 48 228.0350850198276
79 49 264.09278672466615
79 50 148.22280526288793
79 51 48.46648326421054
79 52 267.47897113605023
79 53 246.59480935331953
79 54 41.78516483155236
79 55 179.51323071016242
79 56 168.3864602632884
79 57 251.3483638299641
79 58 220.92532675091826
79 59 145.6605643267937
79 60 86.55634003352961
79 61 179.02513789968157
79 62 152.45327152934436
79 63 232.94849216082082
79 64 210.63950246807934
79 65 174.9514218290323
79 66 214.21717951648975
79 67 73.10950690573696
79 68 160.3652081967906
79 69 243.24884377936928
79 70 165.32694880145826
79 71 174.49641830135081
79 72 108.52188719332152
79 73 258.62907802488104
79 74 178.3732042656632
79 75 165.8493292117879
79 76 125.59060474414477
79 77 174.45343218177166
79 78 153.05227865013967
79 80 103.40696301506973
79 81 267.0748958625651
79 82 197.80040444852483
79 83 182.8578683021324
79 84 282.9734969922095
79 85 278.9587783167972
79 86 156.01602481796542
79 87 110.44002897500525
79 88 217.41205118392128
79 89 48.041648597857254
79 90 141.03900169811186
79 91 31.622776601683793
79 92 113.01769772916099
79 93 240.75921581530375
79 94 322.51821653977936
79 95 322.45309736456244
79 96 214.2008403344861
79 97 1.4142135623730951
79 98 86.97700845625813
79 99 176.11927776367924
79 100 111.00450441310929
80 0 124.4869471069156
80 1 229.73245308401684
80 2 228.1403077055872
80 3 204.62893246068603
80 4 140.38874598770374
80 5 237.39418695494632
80 6 283.59301824974466
80 7 275.6755339162328
80 8 212.08488866489287
80 9 211.54668515483763
80 10 85.00588214941364
80 11 105.19030373565806
80 12 229.0261993746567
80 13 86.88498144098322
80 14 207.3475343475297
80 15 76.02631123499285
80 16 137.59360450253493
80 17 79.1580697086532
80 18 112.78741064498288
80 19 77.00649323271382
80 20 109.2520022699813
80 21 184.0
80 22 285.7918823199847
80 23 78.79086241436883
80 24 106.4048871058092
80 25 233.22521304524517
80 26 192.4266093865399
80 27 202.41788458533006
80 28 136.61625086350452
80 29 233.0772404161333
80 30 98.79271228182775
80 31 214.1821654573508
80 32 158.42032697857937
80 33 158.80806024884254
80 34 149.45233353815524
80 35 178.10390225932727
80 36 150.11995203836165
80 37 205.99514557387025
80 38 151.11915828246265
80 39 244.63237725207185
80 40 127.34991166074674
80 41 237.28674636397204
80 42 240.03333101883996
80 43 6.4031242374328485
80 44 218.5040045399626
80 45 120.24142381059865
80 46 227.56317804073663
80 47 106.97663296253066
80 48 133.19534526401438
80 49 193.49935400408964
80 50 150.16324450410627
80 51 139.7855500400524
80 52 231.67218218853984
80 53 239.70815588961506
80 54 76.05918747922567
80 55 154.0194792875239
80 56 156.92354826475216
80 57 259.2778432492835
80 58 164.80594649465777
80 59 118.86967653695369
80 60 107.54068997360952
80 61 145.7840869230932
80 62 75.66372975210778
80 63 214.00934559032697
80 64 156.4736399525492
80 65 74.00675644831355
80 66 158.80806024884254
80 67 141.6756859873987
80 68 101.87246929372037
80 69 217.34994824015948
80 70 205.54804791094466
80 71 140.40655255364686
80 72 6.324555320336759
80 73 268.1865022703417
80 74 78.10249675906654
80 75 158.38244852255568
80 76 78.587530817554
80 77 138.23530663329106
80 78 212.13203435596427
80 79 103.40696301506973
80 81 233.46091750012462
80 82 94.59386872308374
80 83 83.2946576918352
80 84 229.58440713602482
80 85 223.4390297150433
80 86 100.23971268913334
80 87 8.246211251235321
80 88 164.50227961946302
80 89 61.032778078668514
80 90 85.0
80 91 108.04165863221463
80 92 38.07886552931954
80 93 172.74258305351347
80 94 289.4149270511112
80 95 290.69743720920553
80 96 206.34194920083507
80 97 104.04326023342406
80 98 47.53945729601885
80 99 180.00277775634464
80 100 36.40054944640259
81 0 125.2078272313676
81 1 52.20153254455275
81 2 95.70788891204319
81 3 170.84788555905513
81 4 174.42763542512407
81 5 66.48308055437865
81 6 50.80354318352215
81 7 42.720018726587654
81 8 28.635642126552707
81 9 46.389654018972806
81 10 160.70469812671936
81 11 167.10774967068403
81 12 5.0
81 13 150.60212481900777
81 14 114.03946685248927
81 15 213.5883891975404
81 16 256.9435735720977
81 17 169.14490828872147
81 18 128.5496013218244
81 19 168.0773631397161
81 20 166.01204775557707
81 21 105.26157893552613
81 22 52.69724850502159
81 23 154.7384890710776
81 24 171.0263137648707
81 25 197.02284131541703
81 26 104.70912090166739
81 27 115.27792503337315
81 28 164.730082255792
81 29 192.06509313251067
81 30 135.55810562264435
81 31 47.095647357266465
81 32 139.01438774457844
81 33 100.4987562112089
81 34 90.55385138137417
81 35 100.90094152187085
81 36 123.54756169184401
81 37 67.36467917239716
81 38 89.80534505250787
81 39 67.53517601961218
81 40 123.3288287465668
81 41 198.12369873389704
81 42 102.48902380255166
81 43 227.2201575564985
81 44 17.204650534085253
81 45 127.88275880665071
81 46 60.440052945046304
81 47 178.04493814764857
81 48 183.15294155431957
81 49 101.59724405711013
81 50 124.42266674525185
81 51 254.8489748851268
81 52 5.656854249492381
81 53 65.39113089708727
81 54 228.39658491317246
81 55 87.69264507357501
81 56 100.70253224224304
81 57 102.47438704378767
81 58 79.02531240052139
81 59 123.3288287465668
81 60 181.8158408940211
81 61 90.60353193998566
81 62 163.5145253486674
81 63 44.181444068749045
81 64 82.87339742040264
81 65 210.86725682286476
81 66 82.38931969618392
81 67 221.8828519737386
81 68 132.4009063413087
81 69 27.65863337187866
81 70 167.6722994414999
81 71 95.80187889597991
81 72 229.08513701242165
81 73 108.75660899458019
81 74 207.39334608419819
81 75 104.80935072788114
81 76 157.09869509324386
81 77 97.082439194738
81 78 205.40691322348428
81 79 267.0748958625651
81 80 233.46091750012462
81 82 232.2154172315008
81 83 203.8872237291979
81 84 53.600373133029585
81 85 58.728187440104094
81 86 133.41664064126334
81 87 228.25424421026653
81 88 75.4254598925323
81 89 231.79516819813134
81 90 148.47558721890948
81 91 294.8711583047755
81 92 195.4328529188478
81 93 97.52948272189288
81 94 56.61271941887264
81 95 57.4543296888929
81 96 71.25307010929424
81 97 268.48649872945197
81 98 199.7298175035465
81 99 107.28000745712129
81 100 197.2232237846243
82 0 166.96406799069075
82 1 207.6174366473105
82 2 263.73471519691907
82 3 268.00186566514793
82 4 210.06903627141244
82 5 261.2278698760911
82 6 275.9148419349709
82 7 273.8850123683295
82 8 220.5810508633958
82 9 228.84929538890873
82 10 140.46351839534705
82 11 65.12296062065974
82 12 229.0785891348207
82 13 130.09611831257686
82 14 251.5094431626773
82 15 25.612496949731394
82 16 229.08513701242165
82 17 140.03570973148243
82 18 151.23822268196622
82 19 75.64390259630977
82 20 66.48308055437865
82 21 225.61028345356956
82 22 278.7418160233588
82 23 111.51681487560519
82 24 61.40032573203501
82 25 300.32315928013276
82 26 152.31546211727817
82 27 247.38835865901208
82 28 202.63267258761604
82 29 298.8193434167206
82 30 113.29607230614837
82 31 231.96982562393757
82 32 108.6876257906115
82 33 195.386795869117
82 34 173.95401691251627
82 35 143.8923208513922
82 36 197.9595918363139
82 37 232.1077336066164
82 38 176.16185739256952
82 39 267.7106647109898
82 40 109.00458705944443
82 41 304.08058142538465
82 42 276.3837911311009
82 43 92.04890004774636
82 44 222.03603311174518
82 45 105.11898020814318
82 46 202.20039564748632
82 47 178.2806775845324
82 48 63.60031446463138
82 49 154.69324484281788
82 50 198.45654436173174
82 51 230.7899477880265
82 52 228.42942017174582
82 53 262.8003044138267
82 54 166.43617395265971
82 55 179.02513789968157
82 56 193.1553778697347
82 57 292.1660486778024
82 58 153.20900756809309
82 59 156.0833110873805
82 60 180.54639292990598
82 61 166.20770138594662
82 62 85.42247947700886
82 63 230.52114870440846
82 64 150.0133327407934
82 65 29.206163733020468
82 66 150.0133327407934
82 67 225.78751072634643
82 68 115.76700738984316
82 69 226.63847863944022
82 70 267.83950418114205
82 71 161.96913286178943
82 72 89.28605714219886
82 73 301.37020423392886
82 74 29.5296461204668
82 75 197.3854097951518
82 76 121.60592090848209
82 77 158.52129194527782
82 78 284.42925306655786
82 79 197.80040444852483
82 80 94.59386872308374
82 81 232.2154172315008
82 83 30.364452901377952
82 84 206.90335908341362
82 85 199.1808223700264
82 86 118.4736257569591
82 87 87.36131867136622
82 88 157.01273833673497
82 89 153.0130713370593
82 90 113.74093370462545
82 91 201.55644370746373
82 92 95.80187889597991
82 93 142.61837188805654
82 94 281.3058833369825
82 95 283.83269720030495
82 96 234.08759044426085
82 97 198.48677537810926
82 98 124.25779653607253
82 99 222.3803048833237
82 100 96.83491106000976
83 0 137.37903770226373
83 1 182.49657531033287
83 2 233.37951923851415
83 3 239.57671005337727
83 4 183.3712082089225
83 5 231.03679360655957
83 6 248.8714527622644
83 7 245.96137908216403
83 8 191.12822920751398
83 9 198.84164553734712
83 10 113.17243480636087
83 11 38.27531841800928
83 12 200.5617112013158
83 13 101.53324578678651
83 14 221.41589825484527
83 15 11.40175425099138
83 16 209.97618912629116
83 17 113.70136322841516
83 18 121.59358535712317
83 19 45.65084884205331
83 20 40.718546143004666
83 21 195.49424543960367
83 22 251.62074636245717
83 23 82.61961026293939
83 24 35.77708763999664
83 25 272.2498852157701
83 26 130.6981254647518
83 27 217.34994824015948
83 28 175.3681841155915
83 29 270.542048487846
83 30 83.00602387778854
83 31 201.9504889818294
83 32 88.86506625215557
83 33 165.19685227025363
83 34 143.58969322343438
83 35 120.30378215168466
83 36 168.4339633209407
83 37 201.79197209007103
83 38 145.79780519610026
83 39 237.56472802164888
83 40 80.62257748298549
83 41 275.9365869180816
83 42 246.02845363900494
83 43 79.02531240052139
83 44 193.06475597581243
83 45 76.10519036176179
83 46 177.71043863543863
83 47 152.6106156202772
83 48 51.894122981316485
83 49 132.74034804836094
83 50 168.9644933114647
83 51 211.28653530218153
83 52 200.32473636573192
83 53 232.6413548791358
83 54 147.80054127099805
83 55 148.66068747318505
83 56 162.96318602678338
83 57 261.8110005328271
83 58 125.15989773086265
83 59 126.26955294131677
83 60 155.2063143045411
83 61 135.85654198455074
83 62 55.758407437802596
83 63 200.5642041840966
83 64 121.2023102090055
83 65 10.816653826391969
83 66 121.49897118905987
83 67 202.80532537386685
83 68 85.44003745317531
83 69 197.1623696347759
83 70 239.2655428598109
83 71 131.60547101089682
83 72 77.1621668954417
83 73 271.01660465735307
83 74 5.830951894845301
83 75 167.28717822953436
83 76 93.43446901438462
83 77 128.16005617976296
83 78 257.42183279589943
83 79 182.8578683021324
83 80 83.2946576918352
83 81 203.8872237291979
83 82 30.364452901377952
83 84 181.89282558693733
83 85 174.39323381370048
83 86 88.23831367382311
83 87 75.16648189186454
83 88 128.47178678604885
83 89 135.9154148726332
83 90 84.31488599292535
83 91 191.04188022525324
83 92 73.53910524340094
83 93 117.92370414806346
83 94 254.37177516383377
83 95 256.71969149249145
83 96 203.74739262135355
83 97 183.7090090333079
83 98 102.69371937952194
83 99 192.31484602078956
83 100 75.02666192761077
84 0 144.4714504668656
84 1 1.4142135623730951
84 2 145.8389522727039
84 3 213.52751579129094
84 4 203.73512215619573
84 5 119.0
84 6 74.14849964766651
84 7 79.30952023559341
84 8 71.84010022264724
84 9 92.72000862812729
84 10 171.42053552593984
84 11 143.6175476743702
84 12 55.226805085936306
84 13 157.4102919125684
84 14 159.65587994182988
84 15 192.77188591700815
84 16 280.95729212818094
84 17 179.7247896090019
84 18 141.8238343861849
84 19 155.6181223379848
84 20 141.35416513141735
84 21 145.1240848377691
84 22 77.27871634544663
84 23 154.93547043850222
84 24 146.4137971640651
84 25 242.53865671269807
84 26 60.40695324215582
84 27 159.81239000778382
84 28 193.06216615380654
84 29 237.8949347926517
84 30 132.23085872821065
84 31 94.5568612000208
84 32 102.17631819555841
84 33 130.54118124178285
84 34 110.3675676999362
84 35 63.63961030678928
84 36 153.57408635573907
84 37 112.80514172678478
84 38 110.72488428533127
84 39 120.7393887677091
84 40 104.80935072788114
84 41 244.13520843991347
84 42 154.02921800749363
84 43 223.1815404552984
84 44 61.09828148156051
84 45 111.30588483993108
84 46 7.211102550927978
84 47 198.92963580120485
84 48 149.75313018431368
84 49 57.3149195236284
84 50 154.55743269089325
84 51 279.50134167835404
84 52 48.010415536631214
84 53 118.20744477400736
84 54 241.9008061168875
84 55 109.89540481748998
84 56 129.87686476043376
84 57 155.72411502397438
84 58 65.06919393998976
84 59 138.19189556555045
84 60 203.00246303924493
84 61 105.84894897919393
84 62 154.40207252495026
84 63 91.39474820797966
84 64 74.33034373659252
84 65 190.70920271449933
84 66 71.42128534267638
84 67 249.6096953245206
84 68 129.40247292845683
84 69 74.67261881037788
84 70 210.68697159530296
84 71 109.65856099730654
84 72 224.26992665089986
84 73 162.24980739587951
84 74 186.45374761586316
84 75 135.4843164355196
84 76 161.33505508723144
84 77 109.12378292562992
84 78 247.12952069714376
84 79 282.9734969922095
84 80 229.58440713602482
84 81 53.600373133029585
84 82 206.90335908341362
84 83 181.89282558693733
84 85 8.0
84 86 132.32157798333574
84 87 223.03587155433092
84 88 66.70832032063167
84 89 241.81397809059757
84 90 148.60013458944107
84 91 307.6263967867517
84 92 193.25889371514057
84 93 64.28841264178172
84 94 78.63841300535
84 95 82.03657720797473
84 96 116.92732785794773
84 97 284.3448610402516
84 98 205.11703976023054
84 99 146.01369798755184
84 100 195.34584715319647
85 0 141.6756859873987
85 1 9.055385138137417
85 2 148.77163708180402
85 3 214.23818520515897
85 4 202.0
85 5 122.96747537458837
85 6 82.03657720797473
85 7 86.7294644281861
85 8 74.46475676452586
85 9 95.2732911156112
85 10 167.2154299100415
85 11 136.12494260788506
85 12 59.81638571495272
85 13 152.8201557386983
85 14 161.3009609394811
85 15 185.32404053441098
85 16 278.09530740377477
85 17 175.44514812328097
85 18 138.2244551445221
85 19 148.94629904767692
85 20 133.79461872586654
85 21 145.67429423202984
85 22 85.15867542417507
85 23 149.57606760441325
85 24 138.84163640637487
85 25 243.82165613415063
85 26 52.46903848937962
85 27 161.20794025109308
85 28 191.23022773609824
85 29 239.26972228010797
85 30 126.66885963013956
85 31 97.30878685915265
85 32 94.19129471453293
85 33 129.5569372901351
85 34 108.17116066678771
85 35 55.731499172371095
85 36 152.31874474272692
85 37 114.84337159801605
85 38 108.6830253535482
85 39 125.09996003196804
85 40 97.94386147176351
85 41 245.5402207378661
85 42 157.41982086128797
85 43 217.03916697223107
85 44 64.41273166075166
85 45 104.5609869884557
85 46 4.47213595499958
85 47 195.93111034238538
85 48 141.7956275771577
85 49 49.36598018878993
85 50 153.3101431738944
85 51 276.739950133695
85 52 53.075418038862395
85 53 122.3315167894194
85 54 237.69728648009425
85 55 108.06016842481785
85 56 128.76334882255898
85 57 160.0312469488381
85 58 59.54829972383762
85 59 134.8517704741024
85 60 200.02499843769527
85 61 103.09219175087898
85 62 148.05404418657398
85 63 94.15412895885129
85 64 69.20260110718382
85 65 183.30848316430968
85 66 66.06814663663572
85 67 247.42069436488129
85 68 123.90722335683259
85 69 77.82030583337487
85 70 211.482859825566
85 71 106.6255128944288
85 72 218.04815981796315
85 73 166.82026255823962
85 74 179.0111728356641
85 75 134.5362404707371
85 76 156.40012787718558
85 77 105.84894897919393
85 78 247.51767613647314
85 79 278.9587783167972
85 80 223.4390297150433
85 81 58.728187440104094
85 82 199.1808223700264
85 83 174.39323381370048
85 84 8.0
85 86 127.01574705523721
85 87 216.77868898948532
85 88 61.85466837676846
85 89 237.17082451262846
85 90 143.28293687665675
85 91 303.1468291109112
85 92 187.41664813991312
85 93 56.61271941887264
85 94 86.57944328765345
85 95 89.94442728707543
85 96 118.96217886370441
85 97 280.3212442894758
85 98 200.06249023742558
85 99 146.34206503941374
85 100 189.52572384771415
86 0 51.62363799656123
86 1 132.27622613304328
86 2 145.60219778561037
86 3 156.46405337968207
86 4 109.38464243210744
86 5 146.21901381147393
86 6 183.3712082089225
86 7 175.85505395068975
86 8 113.50770898930169
86 9 116.27553482998907
86 10 47.095647357266465
86 11 65.79513659838392
86 12 129.07749610214788
86 13 30.14962686336267
86 14 133.27040181525678
86 15 94.25497334358543
86 16 164.59647626847908
86 17 53.75872022286245
86 18 36.235341863986875
86 19 43.01162633521314
86 20 68.11754546370561
86 21 107.33126291998991
86 22 185.59364213248256
86 23 22.627416997969522
86 24 70.7248188403477
86 25 189.9315666233499
86 26 108.24047302187847
86 27 129.29423807734048
86 28 99.31767214348109
86 29 187.5446613476374
86 30 5.656854249492381
86 31 119.20570456148481
86 32 91.7877987534291
86 33 76.96752561957543
86 34 56.568542494923804
86 35 92.04890004774636
86 36 82.21921916437786
86 37 115.73245007343446
86 38 58.69412236331676
86 39 153.11760186209813
86 40 45.0111097397076
86 41 193.33132182861627
86 42 158.24032355881985
86 43 93.94147114027967
86 44 118.92854997854805
86 45 39.319206502675
86 46 131.36590120727678
86 47 86.83317338436964
86 48 101.01980003939822
86 49 108.15729286552988
86 50 82.87943049997388
86 51 164.30459518832697
86 52 131.4838393111488
86 53 148.12157169028418
86 54 114.23221962301179
86 55 61.66036003787198
86 56 74.73285756613352
86 57 174.7483905505284
86 58 67.47592163134935
86 59 39.6232255123179
86 60 90.6697303403953
86 61 50.00999900019995
86 62 34.36568055487916
86 63 118.4229707446997
86 64 58.0
86 65 90.80198235721508
86 66 60.959002616512684
86 67 143.13629868066312
86 68 5.0990195135927845
86 69 119.10079764636339
86 70 155.62133529821674
86 71 45.09988913511872
86 72 95.70788891204319
86 73 183.96738841436002
86 74 89.19641248391103
86 75 79.17701686727027
86 76 30.463092423455635
86 77 42.01190307520001
86 78 179.17589123540031
86 79 156.01602481796542
86 80 100.23971268913334
86 81 133.41664064126334
86 82 118.4736257569591
86 83 88.23831367382311
86 84 132.32157798333574
86 85 127.01574705523721
86 87 94.847245611035
86 88 65.76473218982953
86 89 111.4136436887332
86 90 16.278820596099706
86 91 177.65415840897168
86 92 62.433965115151864
86 93 84.75848040166836
86 94 189.19038030513073
86 95 190.51771571168914
86 96 117.23907198540937
86 97 157.30543537970962
86 98 73.23933369440222
86 99 104.23531071570709
86 100 64.35060217278468
87 0 122.03687967167957
87 1 223.21514285549716
87 2 226.0
87 3 205.56507485465522
87 4 141.79210133149166
87 5 234.19649869287116
87 6 278.16721589720095
87 7 270.6233544984616
87 8 207.46083967823904
87 9 207.62466134830902
87 10 83.2946576918352
87 11 97.082439194738
87 12 223.8861317723811
87 13 83.60023923410746
87 14 205.9732992404598
87 15 68.11754546370561
87 16 143.38758663147937
87 17 78.08969202141856
87 18 109.65856099730654
87 19 69.52697318307479
87 20 101.13357503816425
87 21 182.17573932881405
87 22 280.4157627523817
87 23 74.0
87 24 98.2344135219425
87 25 234.7977853387889
87 26 184.91078930121952
87 27 201.0994778710278
87 28 137.41906709041507
87 29 234.4632167313244
87 30 93.05912099305473
87 31 210.3188056261256
87 32 150.45597362683876
87 33 156.20499351813308
87 34 145.5609837834301
87 35 170.74249617479535
87 36 148.66068747318505
87 37 202.80532537386685
87 38 147.29901561110313
87 39 241.40629652103112
87 40 120.20815280171308
87 41 238.8325773423718
87 42 238.03361107205006
87 43 5.0
87 44 213.55093069335942
87 45 113.14592347937243
87 46 220.86421167767313
87 47 108.25894882179486
87 48 124.95199078045935
87 49 186.03763060198332
87 50 148.75819305167698
87 51 145.43727170158274
87 52 226.3183598385248
87 53 236.4571842850202
87 54 81.27115109311545
87 55 150.23315213360866
87 56 154.26276284314372
87 57 257.0311265197272
87 58 158.4455742518547
87 59 115.73245007343446
87 60 109.12836478203089
87 61 141.4814475470194
87 62 68.76772498781678
87 63 210.03809178337153
87 64 150.33296378372907
87 65 66.007575322837
87 66 152.55163060419906
87 67 145.67086187704115
87 68 96.17692030835673
87 69 212.82152146810716
87 70 206.34437234875102
87 71 136.12494260788506
87 72 2.0
87 73 266.00751869073173
87 74 70.02856560004639
87 75 156.02884348735012
87 76 74.96665925596525
87 77 133.80956617521784
87 78 214.37350582569667
87 79 110.44002897500525
87 80 8.246211251235321
87 81 228.25424421026653
87 82 87.36131867136622
87 83 75.16648189186454
87 84 223.03587155433092
87 85 216.77868898948532
87 86 94.847245611035
87 88 158.38244852255568
87 89 66.73080248281148
87 90 80.05623023850174
87 91 116.00431026474836
87 92 33.734255586866
87 93 165.51737068960466
87 94 283.98063314247327
87 95 285.3506614676055
87 96 203.3051893090779
87 97 111.12605455067681
87 98 48.33218389437829
87 99 178.22738285684386
87 100 32.38826948140329
88 0 83.72574275573791
88 1 66.60330322138685
88 2 126.66885963013956
88 3 172.06975329789952
88 4 147.08500943332058
88 5 112.76967677527502
88 6 122.06555615733703
88 7 117.71151175649729
88 8 65.52098900352466
88 9 78.77182237323191
88 10 105.58882516630251
88 11 92.02173656261873
88 12 72.11102550927978
88 13 90.97252332435328
88 14 128.14054783713078
88 15 138.1774221788784
88 16 218.68013169924697
88 17 113.74093370462545
88 18 77.79460135510689
88 19 93.98404119849285
88 20 91.19758768739445
88 21 106.00471687618433
88 22 124.61942063739504
88 23 88.3911760301898
88 24 96.13012014972206
88 25 204.46271053666484
88 26 60.440052945046304
88 27 126.24579200908045
88 28 136.09188072769072
88 29 200.63897926375125
88 30 66.06814663663572
88 31 81.88406438373708
88 32 74.2024258363566
88 33 81.32035415564789
88 34 54.74486277268398
88 35 46.51881339845203
88 36 101.11874208078342
88 37 90.02777349240623
88 38 56.089214649520635
88 39 118.06777714516353
88 40 48.010415536631214
88 41 206.93960471596537
88 42 138.2931668593933
88 43 158.11388300841898
88 44 65.27633568147036
88 45 52.46903848937962
88 46 66.2872536767062
88 47 136.56134152826706
88 48 111.94641575325224
88 49 58.69412236331676
88 50 102.1077861869505
88 51 217.59825366946308
88 52 72.00694410957877
88 53 113.6001760562016
88 54 176.00568172647155
88 55 56.753854494650845
88 56 79.81227975693966
88 57 148.66068747318505
88 58 7.211102550927978
88 59 75.18643494673756
88 60 140.6840431605518
88 61 47.095647357266465
88 62 90.78546139112804
88 63 79.60527620704548
88 64 8.06225774829855
88 65 135.4843164355196
88 66 7.0
88 67 190.22355269524328
88 68 63.12685640834652
88 69 71.56814934033156
88 70 169.94410845922255
88 71 49.040799340956916
88 72 159.47727110782904
88 73 157.30543537970962
88 74 131.97348218486925
88 75 86.1278120005379
88 76 94.64142856064674
88 77 47.265209192385896
88 78 202.52654147049466
88 79 217.41205118392128
88 80 164.50227961946302
88 81 75.4254598925323
88 82 157.01273833673497
88 83 128.47178678604885
88 84 66.70832032063167
88 85 61.85466837676846
88 86 65.76473218982953
88 87 158.38244852255568
88 89 175.31685600648902
88 90 82.02438661763951
88 91 241.3047865252573
88 92 127.4401820463232
88 93 38.948684188300895
88 94 127.75758294520134
88 95 129.6919426949878
88 96 93.43446901438462
88 97 218.7647137908671
88 98 138.4088147481944
88 99 105.11898020814318
88 100 129.46814279968643
89 0 107.89810007595129
89 1 241.60298011407062
89 2 201.52667317256046
89 3 159.02201105507376
89 4 95.04735661763561
89 5 218.4055860091495
89 6 282.4535360019414
89 7 271.20471972294285
89 8 206.0218435020908
89 9 199.49185447030163
89 10 71.42128534267638
89 11 146.21901381147393
89 12 226.90967365892536
89 13 84.40379138403677
89 14 176.14766532656628
89 15 131.3202193114221
89 16 76.66159403508382
89 17 62.93647591023825
89 18 103.32473082471591
89 19 111.64676439557037
89 20 150.26975743641833
89 21 157.16551784663199
89 22 284.1161734220704
89 23 89.96110270555825
89 24 149.05368160498418
89 25 183.60010893242955
89 26 218.38727069131113
89 27 171.04970037974343
89 28 95.33624704172071
89 29 184.39088914585776
89 30 113.1591799192624
89 31 201.51674868357716
89 32 193.3959668659096
89 33 139.5886814895821
89 34 141.35416513141735
89 35 202.47468977627796
89 36 123.13001258832064
89 37 188.27904822364064
89 38 142.27438279606065
89 39 225.61028345356956
89 40 152.16109883935513
89 41 187.72320048411703
89 42 211.9929244102265
89 43 61.773780845922005
89 44 215.10230124292022
89 45 145.16542288024377
89 46 241.59884105682295
89 47 66.09841147864296
89 48 180.0999722376436
89 49 218.62525014279572
89 50 122.77621919573839
89 51 78.77182237323191
89 52 231.46706029152398
89 53 221.05429197371402
89 54 15.811388300841896
89 55 144.62710672622887
89 56 138.31124321616085
89 57 232.42202993692314
89 58 178.08986495586996
89 59 108.4665847162157
89 60 64.4980619863884
89 61 141.48498153514387
89 62 104.7377677822093
89 63 202.24984548819808
89 64 168.07438829280326
89 65 128.57682528356344
89 66 171.42053552593984
89 67 83.52843827104634
89 68 115.3819743287486
89 69 210.20466217474817
89 70 160.70158679988197
89 71 136.48809471891678
89 72 65.0
89 73 240.6013300046365
89 74 131.70041761513136
89 75 137.2953021774598
89 76 81.12336284942828
89 77 135.77186748365804
89 78 159.70284906663375
89 79 48.041648597857254
89 80 61.032778078668514
89 81 231.79516819813134
89 82 153.0130713370593
89 83 135.9154148726332
89 84 241.81397809059757
89 85 237.17082451262846
89 86 111.4136436887332
89 87 66.73080248281148
89 88 175.31685600648902
89 90 95.70788891204319
89 91 66.24198064671678
89 92 65.0
89 93 195.5632889885011
89 94 288.2117277280715
89 95 288.61739379323626
89 96 187.40864441108366
89 97 49.09175083453431
89 98 39.56008088970496
89 99 153.05554547287727
89 100 63.00793600809346
90 0 53.23532661682466
90 1 148.55302083767936
90 2 153.57408635573907
90 3 155.79473675320358
90 4 103.58571330062848
90 5 157.05094714773293
90 6 198.72594194015034
90 7 190.68298298484845
90 8 127.4401820463232
90 9 128.56515857727553
90 10 35.90264614203248
90 11 68.96375859826666
90 12 144.02777509911067
90 13 19.697715603592208
90 14 138.57849761056005
90 15 88.54942122905152
90 16 152.029602380589
90 17 41.048751503547585
90 18 37.57658845611187
90 19 39.05124837953327
90 20 72.00694410957877
90 21 112.89375536317321
90 22 200.8830505542964
90 23 6.4031242374328485
90 24 73.57309290766564
90 25 188.83061192507955
90 26 123.03251602726817
90 27 134.2609399639374
90 28 94.30270409696638
90 29 186.86893802876924
90 30 17.46424919657298
90 31 131.38112497615478
90 32 103.00485425454472
90 33 83.43260753446461
90 34 67.11929677819934
90 35 106.97663296253066
90 36 84.21995013059554
90 37 126.00396819148197
90 38 69.06518659932803
90 39 164.1097193952875
90 40 57.87054518492115
90 41 192.4162155328911
90 42 166.1114083980989
90 43 78.79086241436883
90 44 133.5402561027947
90 45 51.35172830587107
90 46 147.6279106402309
90 47 77.4919350642375
90 48 105.54619841567009
90 49 123.13001258832064
90 50 84.72307831990054
90 51 152.00328943809077
90 52 146.76852523616907
90 53 159.11316727411344
90 54 99.32774033471213
90 55 72.06247289678588
90 56 81.25269226308751
90 57 183.5755975068582
90 58 83.73768566183328
90 59 42.720018726587654
90 60 81.04319835741924
90 61 61.98386886924694
90 62 28.600699292150182
90 63 130.86252328302402
90 64 74.27651041883968
90 65 84.970583144992
90 66 77.23341245859851
90 67 133.19534526401438
90 68 19.72308292331602
90 69 132.85330255586422
90 70 155.32224567009067
90 71 56.71860364994893
90 72 80.77747210701756
90 73 192.7615106809448
90 74 84.21995013059554
90 75 84.77027781009096
90 76 16.0312195418814
90 77 54.12947441089743
90 78 175.85505395068975
90 79 141.03900169811186
90 80 85.0
90 81 148.47558721890948
90 82 113.74093370462545
90 83 84.31488599292535
90 84 148.60013458944107
90 85 143.28293687665675
90 86 16.278820596099706
90 87 80.05623023850174
90 88 82.02438661763951
90 89 95.70788891204319
90 91 161.90120444270946
90 92 46.95742752749558
90 93 99.92497185388645
90 94 204.55317157159897
90 95 205.7668583615933
90 96 127.09838708654017
90 97 142.30249470757707
90 98 57.14017850864661
90 99 109.4440496326776
90 100 48.76474136094644
91 0 169.7115199389835
91 1 307.37599125501004
91 2 253.1422524984717
91 3 194.164878389476
91 4 138.3979768638256
91 5 274.3446737226732
91 6 345.1144737619679
91 7 332.84831380074615
91 8 268.1063221932672
91 9 259.4166532819356
91 10 136.40014662748717
91 11 207.88458336298052
91 12 289.917229567337
91 13 150.33296378372907
91 14 225.45953073667124
91 15 184.06792224611002
91 16 71.449282711585
91 17 128.00390619039717
91 18 167.47537132366656
91 19 174.6339027795004
91 20 212.00235847744713
91 21 210.77238908357992
91 22 346.5862086119412
91 23 156.08010763707205
91 24 210.10711553871752
91 25 210.40199618824911
91 26 284.29737951659
91 27 220.5130381632796
91 28 143.1258187749506
91 29 212.76277869965884
91 30 179.3348822733603
91 31 261.1225765804252
91 32 257.5616431070434
91 33 198.4968513604183
91 34 204.41379601191306
91 35 268.47718711279737
91 36 178.92177061498134
91 37 245.86378342488754
91 38 205.08047201037937
91 39 281.3254343282882
91 40 217.846276075585
91 41 214.3361845326169
91 42 262.1316463153581
91 43 112.01785571952357
91 44 277.89386463180506
91 45 210.77238908357992
91 46 307.5873859572268
91 47 119.6202324023825
91 48 239.4159560263267
91 49 284.6137733842127
91 50 178.35358140502814
91 51 75.4254598925323
91 52 294.96609974707263
91 53 277.1082820848197
91 54 66.52818951391959
91 55 207.18349355100662
91 56 197.57024067404484
91 57 282.72955275315667
91 58 244.22940035957996
91 59 172.15400082484288
91 60 116.49892703368559
91 61 205.54804791094466
91 62 168.88457596832222
91 63 262.23081436017395
91 64 234.15593095200472
91 65 182.0109886792553
91 66 237.54788990854033
91 67 103.9471019317037
91 68 181.59570479501986
91 69 271.82715096178305
91 70 196.75619431164043
91 71 200.7710138441304
91 72 114.00438588054409
91 73 290.0844704564517
91 74 186.00268815261785
91 75 195.41238445912276
91 76 147.35331689514152
91 77 200.38463014912097
91 78 183.09833423600554
91 79 31.622776601683793
91 80 108.04165863221463
91 81 294.8711583047755
91 82 201.55644370746373
91 83 191.04188022525324
91 84 307.6263967867517
91 85 303.1468291109112
91 86 177.65415840897168
91 87 116.00431026474836
91 88 241.3047865252573
91 89 66.24198064671678
91 90 161.90120444270946
91 92 127.09445306542689
91 93 261.658173959844
91 94 350.7962371519968
91 95 350.90739519138094
91 96 244.38085031360376
91 97 30.364452901377952
91 98 105.19030373565806
91 99 206.82843131445927
91 100 124.90796611905904
92 0 89.08984229416954
92 1 193.33132182861627
92 2 193.12690128513947
92 3 178.4740877550576
92 4 116.8289347721702
92 5 200.5642041840966
92 6 245.65219315121126
92 7 237.60681808399355
92 8 174.04022523543227
92 9 173.90227140552247
92 10 51.92301994298868
92 11 81.39410298049853
92 12 190.97905644337024
92 13 50.08991914547278
92 14 174.10628937519746
92 15 71.34423592694787
92 16 136.6821129482567
92 17 48.33218389437829
92 18 76.16429609731846
92 19 47.53945729601885
92 20 85.47514258543241
92 21 149.75313018431368
92 22 247.8245347014698
92 23 40.718546143004666
92 24 84.09518416651456
92 25 209.24626639440905
92 26 160.18114745499858
92 27 169.33103672983285
92 28 110.78808600206071
92 29 208.38665984174708
92 30 61.40032573203501
92 31 176.58992043715293
92 32 130.60245020672468
92 33 123.00406497347964
92 34 111.83022847155415
92 35 145.0551619212498
92 36 116.90166808048549
92 37 169.1862878604528
92 38 113.5649593844862
92 39 207.76188293332345
92 40 93.74433316206373
92 41 213.17832910500073
92 42 205.29490982486632
92 43 31.953090617340916
92 44 180.42727066604982
92 45 86.53323061113575
92 46 191.637678967368
92 47 83.86894538504703
92 48 115.15641536623133
92 49 160.90991268408544
92 50 117.08543888972702
92 51 137.87675656179326
92 52 193.70596273734063
92 53 202.80532537386685
92 54 75.13321502504735
92 55 116.49892703368559
92 56 121.01652779682617
92 57 224.0200883849482
92 58 128.22246293064254
92 59 82.21921916437786
92 60 85.70297544426332
92 61 107.8563859954523
92 62 42.485291572496
92 63 176.32356620712955
92 64 119.47384651043926
92 65 68.09552114493287
92 66 122.0245876862528
92 67 130.08458786497346
92 68 64.40496875241847
92 69 179.3348822733603
92 70 178.88543819998318
92 71 102.48902380255166
92 72 34.20526275297414
92 73 233.05364189387817
92 74 70.21395872616783
92 75 123.06502346320826
92 76 41.30375285612676
92 77 100.24470060806208
92 78 191.02355875650522
92 79 113.01769772916099
92 80 38.07886552931954
92 81 195.4328529188478
92 82 95.80187889597991
92 83 73.53910524340094
92 84 193.25889371514057
92 85 187.41664813991312
92 86 62.433965115151864
92 87 33.734255586866
92 88 127.4401820463232
92 89 65.0
92 90 46.95742752749558
92 91 127.09445306542689
92 93 139.0323703315167
92 94 251.47763320025103
92 95 252.7152547829276
92 96 169.75570682601514
92 97 114.03946685248927
92 98 29.154759474226502
92 99 145.8800877433243
92 100 2.23606797749979
93 0 117.27318534089538
93 1 65.0
93 2 164.14627622946554
93 3 210.58252539087852
93 4 181.54062906137568
93 5 147.20054347725758
93 6 135.05924625881784
93 7 135.72398461583714
93 8 97.09788875150684
93 9 113.70136322841516
93 10 130.728726758888
93 11 79.7057087039567
93 12 95.81753492967766
93 13 114.28473213863697
93 14 166.97604618627187
93 15 128.94960255851896
93 16 247.58836806279893
93 17 138.0507153186828
93 18 108.11567878897121
93 19 96.17692030835673
93 20 77.25283166331187
93 21 144.9413674559475
93 22 138.03260484392808
93 23 105.60303025955268
93 24 82.28000972289685
93 25 243.1830586204557
93 26 24.08318915758459
93 27 165.1575005865613
93 28 170.57549648176317
93 29 239.42639787625757
93 30 82.46211251235322
93 31 116.66190466471906
93 32 41.48493702538308
93 33 119.61605243444544
93 34 92.34717104492157
93 35 8.06225774829855
93 36 138.24615727028365
93 37 127.34991166074674
93 38 93.92017887546851
93 39 151.72672803431834
93 40 45.45327270945405
93 41 245.7173172570464
93 42 175.36248173426378
93 43 166.42415690037308
93 44 93.03762679690406
93 45 52.630789467763066
93 46 59.80802621722272
93 47 166.76930173146374
93 48 87.02298546935747
93 49 23.53720459187964
93 50 139.21566003866087
93 51 246.94128856876083
93 52 92.64987857520376
93 53 147.63468427168462
93 54 198.97989848223364
93 55 94.92101980067429
93 56 117.98728745080972
93 57 184.13310403075272
93 58 31.76476034853718
93 59 107.00467279516349
93 60 170.84788555905513
93 61 83.93449827097318
93 62 97.30878685915265
93 63 114.0175425099138
93 64 39.84971769034255
93 65 127.04723531033645
93 66 36.05551275463989
93 67 222.22511109233358
93 68 80.4114419718985
93 69 102.7277956543408
93 70 208.54256160314134
93 71 84.72307831990054
93 72 166.97305171793442
93 73 192.4266093865399
93 74 122.65398485169571
93 75 124.31009613060397
93 76 115.16944039110375
93 77 82.20097323024831
93 78 240.41630560342617
93 79 240.75921581530375
93 80 172.74258305351347
93 81 97.52948272189288
93 82 142.61837188805654
93 83 117.92370414806346
93 84 64.28841264178172
93 85 56.61271941887264
93 86 84.75848040166836
93 87 165.51737068960466
93 88 38.948684188300895
93 89 195.5632889885011
93 90 99.92497185388645
93 91 261.658173959844
93 92 139.0323703315167
93 94 140.1748907615055
93 95 143.05593311708537
93 96 130.96946208945045
93 97 242.0433845408711
93 98 156.52475842498527
93 99 144.00347218036097
93 100 141.24092891226678
94 0 181.10770276274835
94 1 77.52418977325722
94 2 130.04999038831184
94 3 212.55117030964567
94 4 226.3183598385248
94 5 97.51410154434076
94 6 5.830951894845301
94 7 21.587033144922902
94 8 82.73451516749222
94 9 94.57801012920498
94 10 217.24870540465827
94 11 216.54098919142305
94 12 61.40032573203501
94 13 207.1955597979841
94 14 154.95160534825058
94 15 264.66015944981217
94 16 310.0403199585499
94 17 225.67454442182884
94 18 185.06755523321746
94 19 221.713779454503
94 20 214.8697279748825
94 21 153.0
94 22 4.47213595499958
94 23 210.86725682286476
94 24 219.9659064491586
94 25 233.98504225697846
94 26 139.04315876734103
94 27 157.54364474646383
94 28 217.26711670199887
94 29 228.70505022845472
94 30 190.97905644337024
94 31 93.81364506296512
94 32 180.0444389588304
94 33 154.1590088188167
94 34 146.8638825579659
94 35 141.00354605470034
94 36 176.40011337864837
94 37 113.17685275708986
94 38 146.0
94 39 94.2019108086455
94 40 174.14074767268
94 41 234.26907606425564
94 42 131.97348218486925
94 43 283.12894588861803
94 44 73.10950690573696
94 45 179.53551180755298
94 46 85.15867542417507
94 47 232.94849216082082
94 48 227.05505940189926
94 49 135.94484175576505
94 50 177.2004514666935
94 51 307.7092783781471
94 52 57.8013840664737
94 53 95.12623192369179
94 54 284.42925306655786
94 55 143.75326083258076
94 56 154.67385040788247
94 57 123.03657992645927
94 58 129.80754985747168
94 59 179.76929659983654
94 60 236.59670327373541
94 61 147.20054347725758
94 62 218.00917411888886
94 63 91.80958555619343
94 64 135.67977004697494
94 65 262.1945842308723
94 66 134.40610105199838
94 67 273.7535387899123
94 68 187.8430195668713
94 69 79.39773296511683
94 70 209.0956718825141
94 71 152.41062955056645
94 72 284.8806767753826
94 73 125.57467897629681
94 74 258.36601943754135
94 75 158.05062480104277
94 76 213.60009363293827
94 77 153.68799562750502
94 78 247.1214276423637
94 79 322.51821653977936
94 80 289.4149270511112
94 81 56.61271941887264
94 82 281.3058833369825
94 83 254.37177516383377
94 84 78.63841300535
94 85 86.57944328765345
94 86 189.19038030513073
94 87 283.98063314247327
94 88 127.75758294520134
94 89 288.2117277280715
94 90 204.55317157159897
94 91 350.7962371519968
94 92 251.47763320025103
94 93 140.1748907615055
94 95 4.242640687119285
94 96 116.27553482998907
94 97 323.9320916488516
94 98 256.33766793040775
94 99 155.79473675320358
94 100 253.31403435261933
95 0 181.289823211343
95 1 80.89499366462674
95 2 127.81627439414747
95 3 210.6086417980041
95 4 225.53491969094276
95 5 95.33624704172071
95 6 8.0
95 7 19.697715603592208
95 8 82.80700453464067
95 9 93.81364506296512
95 10 217.8003673091485
95 11 218.97945109073592
95 12 62.12889826803627
95 13 208.0192298803166
95 14 153.1012736720371
95 15 266.94006818010666
95 16 309.40103425812913
95 17 226.2056586383285
95 18 185.6017241299229
95 19 223.57325421436258
95 20 217.36835096213983
95 21 151.81897114655993
95 22 5.0990195135927845
95 23 212.05895406702354
95 24 222.46123257772354
95 25 231.6139028642279
95 26 142.41137595009747
95 27 155.80115532305913
95 28 216.60332407421637
95 29 226.3183598385248
95 30 192.41881404893857
95 31 92.91393867445294
95 32 183.13383084509536
95 33 153.8083222715858
95 34 147.27185746095552
95 35 144.05554484295286
95 36 175.85505395068975
95 37 112.0044641967453
95 38 146.3488981851247
95 39 91.78235124467012
95 40 176.36609651517495
95 41 231.8361490363399
95 42 129.40247292845683
95 43 284.42925306655786
95 44 73.60027173862879
95 45 181.66177363441105
95 46 88.64536084872124
95 47 232.76812496559748
95 48 230.00869548780108
95 49 139.30183056945089
95 50 176.64087862100325
95 51 307.02605752606735
95 52 59.033888572581766
95 53 92.89241088485109
95 54 284.60850303530987
95 55 144.04513181638595
95 56 154.38264151127873
95 57 120.0
95 58 131.93938001976514
95 59 180.23595645708434
95 60 236.3810483097154
95 61 147.87156589419075
95 62 219.69524346239268
95 63 91.02197536858887
95 64 137.56816492197603
95 65 264.43902888945877
95 66 136.40014662748717
95 67 272.91940202191563
95 68 189.274932307477
95 69 79.20858539325141
95 70 207.13522153414664
95 71 153.11760186209813
95 72 286.2254356272342
95 73 122.3315167894194
95 74 260.6549443229497
95 75 157.61345120261785
95 76 214.55302374937528
95 77 154.48624534242524
95 78 245.12241839538055
95 79 322.45309736456244
95 80 290.69743720920553
95 81 57.4543296888929
95 82 283.83269720030495
95 83 256.71969149249145
95 84 82.03657720797473
95 85 89.94442728707543
95 86 190.51771571168914
95 87 285.3506614676055
95 88 129.6919426949878
95 89 288.61739379323626
95 90 205.7668583615933
95 91 350.90739519138094
95 92 252.7152547829276
95 93 143.05593311708537
95 94 4.242640687119285
95 96 115.00434774390054
95 97 323.86725675807367
95 98 257.1089263327899
95 99 154.69324484281788
95 100 254.53094114468678
96 0 82.46211251235322
96 1 115.73245007343446
96 2 33.24154027718932
96 3 99.60923651951158
96 4 111.94641575325224
96 5 31.32091952673165
96 6 111.40017953306898
96 7 95.38343671728336
96 8 45.39823785126467
96 9 25.0
96 10 122.723265927859
96 11 173.62603491412224
96 12 67.06713054842886
96 13 119.70797801316336
96 14 43.104524124504614
96 15 210.85777196963835
96 16 196.23710148695125
96 17 130.080744155313
96 18 93.64827814754524
96 19 159.84054554461454
96 20 174.24408167854654
96 21 36.89173349139343
96 22 111.80339887498948
96 23 132.00378782444085
96 24 178.4628812946827
96 25 126.3210196285638
96 26 148.44864431849825
96 27 44.04543109109048
96 28 103.9471019317037
96 29 121.49897118905987
96 30 121.82364302548172
96 31 24.186773244895647
96 32 167.47537132366656
96 33 48.38388161361178
96 34 60.67124524847005
96 35 137.64446955835166
96 36 65.45991139621256
96 37 4.123105625617661
96 38 58.54912467321779
96 39 38.600518131237564
96 40 132.41223508422476
96 41 127.66362050325849
96 42 45.0
96 43 200.8233054204616
96 44 57.14017850864661
96 45 133.33041663476493
96 46 122.2620137246234
96 47 124.80785231707178
96 48 201.06217943710845
96 49 145.90750494748377
96 50 66.03029607687671
96 51 193.61043360315063
96 52 75.02666192761077
96 53 33.83784863137726
96 54 180.0999722376436
96 55 55.57877292636101
96 56 50.0
96 57 58.18934610390462
96 58 100.44899203078147
96 59 87.5728268357257
96 60 127.88275880665071
96 61 67.91170738539859
96 62 151.6047492659778
96 63 27.073972741361768
96 64 96.21330469326995
96 65 207.50421682462263
96 66 98.71676655968832
96 67 158.83639381451596
96 68 119.05040949110591
96 69 44.0
96 70 96.42095207992918
96 71 72.3671196055225
96 72 203.54115063052976
96 73 67.35725647619564
96 74 205.44829033116824
96 75 50.15974481593781
96 76 128.47178678604885
96 77 75.7099729229908
96 78 134.21251804507656
96 79 214.2008403344861
96 80 206.34194920083507
96 81 71.25307010929424
96 82 234.08759044426085
96 83 203.74739262135355
96 84 116.92732785794773
96 85 118.96217886370441
96 86 117.23907198540937
96 87 203.3051893090779
96 88 93.43446901438462
96 89 187.40864441108366
96 90 127.09838708654017
96 91 244.38085031360376
96 92 169.75570682601514
96 93 130.96946208945045
96 94 116.27553482998907
96 95 115.00434774390054
96 97 215.60148422494683
96 98 163.74675569305182
96 99 40.0
96 100 170.95028517086482
97 0 143.4015341619468
97 1 284.00352110493276
97 2 223.3047245357787
97 3 163.95731151735808
97 4 108.25894882179486
97 5 245.20399670478457
97 6 318.3111685128249
97 7 305.4995908344232
97 8 241.2073796549351
97 9 231.53617427952807
97 10 113.17685275708986
97 11 195.31000998412753
97 12 263.50332066218823
97 13 128.4445405612866
97 14 195.4328529188478
97 15 178.27226368675525
97 16 45.31004303683677
97 17 105.09519494249011
97 18 142.8355697996826
97 19 160.70158679988197
97 20 199.36148073286373
97 21 181.39735389470266
97 22 319.6623218335248
97 23 136.97079980784227
97 24 198.12369873389704
97 25 181.04419349981927
97 26 265.32432983049256
97 27 190.51509126575775
97 28 113.37107214805724
97 29 183.22117781522965
97 30 159.70284906663375
97 31 233.11156127485398
97 32 242.03305559365234
97 33 170.59015211904818
97 34 178.5077029150283
97 35 249.22680433693324
97 36 150.2431362824938
97 37 217.24870540465827
97 38 178.99720668211557
97 39 252.1150531007619
97 40 199.7223072167954
97 41 185.02432272541898
97 42 232.1055794245369
97 43 106.48004507887852
97 44 251.38217916153087
97 45 192.86523792534516
97 46 284.787640181241
97 47 91.35097153287424
97 48 229.01964981197574
97 49 265.3695536417092
97 50 149.6262009141447
97 51 49.040799340956916
97 52 268.8884527085535
97 53 247.98588669519077
97 54 43.08131845707603
97 55 180.92263539977523
97 56 169.799882214329
97 57 252.68557536986555
97 58 222.26560687609768
97 59 147.05441169852742
97 60 87.96590248499699
97 61 180.42172818150257
97 62 153.5838533179839
97 63 234.3608329051593
97 64 211.98348992315417
97 65 175.75551200460256
97 66 215.55741694499866
97 67 74.16872656315464
97 68 161.64467204334326
97 69 244.6630335788388
97 70 166.50825805346713
97 71 175.88916964952674
97 72 109.20164833920778
97 73 259.95576546789647
97 74 179.20100446147057
97 75 167.2602762164406
97 76 126.87395319765204
97 77 175.84083712266613
97 78 154.02921800749363
97 79 1.4142135623730951
97 80 104.04326023342406
97 81 268.48649872945197
97 82 198.48677537810926
97 83 183.7090090333079
97 84 284.3448610402516
97 85 280.3212442894758
97 86 157.30543537970962
97 87 111.12605455067681
97 88 218.7647137908671
97 89 49.09175083453431
97 90 142.30249470757707
97 91 30.364452901377952
97 92 114.03946685248927
97 93 242.0433845408711
97 94 323.9320916488516
97 95 323.86725675807367
97 96 215.60148422494683
97 98 88.11923740024082
97 99 177.50492950901392
97 100 112.01785571952357
98 0 81.32035415564789
98 1 205.0
98 2 183.09560344257315
98 3 157.30543537970962
98 4 93.47192091746055
98 5 195.05896544378575
98 6 250.52145616693193
98 7 240.62626623043462
98 8 175.6359872008012
98 9 172.01162751395617
98 10 41.10960958218893
98 11 108.04165863221463
98 12 194.9897433200013
98 13 49.20365840057018
98 14 161.0
98 15 100.23971268913334
98 16 107.70329614269008
98 17 33.734255586866
98 18 72.44998274671983
98 19 73.00684899377592
98 20 112.01785571952357
98 21 138.52075656738234
98 22 252.41434190631878
98 23 51.10772935672255
98 24 111.22050170719426
98 25 186.48860555004427
98 26 179.10890541790488
98 27 156.00320509528
98 28 89.19641248391103
98 29 186.1316738225926
98 30 74.43117626371358
98 31 174.38463235044537
98 32 153.95129099815955
98 33 115.44695751729449
98 34 110.9414259868693
98 35 163.29421300217592
98 36 104.17293314484334
98 37 163.88410539158457
98 38 112.25417586887359
98 39 202.33882474700698
98 40 112.72089424769483
98 41 190.51771571168914
98 42 194.65867563507155
98 43 44.01136216933077
98 44 183.61917111238685
98 45 105.6882207249228
98 46 204.44314613114327
98 47 59.93329625508679
98 48 143.01398533010678
98 49 179.42686532400882
98 50 104.12012293500234
98 51 108.81176406988355
98 52 198.80643852752857
98 53 197.52468200202222
98 54 47.042533945356304
98 55 114.93476410555685
98 56 113.75851616472501
98 57 214.34784813475503
98 58 140.60227594174995
98 59 78.29431652425353
98 60 60.90155991434045
98 61 109.29318368498559
98 62 65.49045732013177
98 63 174.64249196572982
98 64 130.87398519186308
98 65 97.06183596038146
98 66 134.01492454200763
98 67 101.6070863670443
98 68 76.8505042273634
98 69 180.3690660839602
98 70 158.14550262337528
98 71 104.0096149401583
98 72 47.53945729601885
98 73 223.0874268084152
98 74 99.31767214348109
98 75 114.33722053644648
98 76 43.86342439892262
98 77 102.6498904042279
98 78 166.43316977093238
98 79 86.97700845625813
98 80 47.53945729601885
98 81 199.7298175035465
98 82 124.25779653607253
98 83 102.69371937952194
98 84 205.11703976023054
98 85 200.06249023742558
98 86 73.23933369440222
98 87 48.33218389437829
98 88 138.4088147481944
98 89 39.56008088970496
98 90 57.14017850864661
98 91 105.19030373565806
98 92 29.154759474226502
98 93 156.52475842498527
98 94 256.33766793040775
98 95 257.1089263327899
98 96 163.74675569305182
98 97 88.11923740024082
98 99 134.45073447177595
98 100 27.730849247724095
99 0 57.271284253105414
99 1 145.00344823486094
99 2 48.83646178829912
99 3 68.24954212300622
99 4 72.13875518748573
99 5 67.80117993073571
99 6 150.7647173578752
99 7 135.15176654413364
99 8 79.07591289387686
99 9 61.84658438426491
99 10 95.02105029939419
99 11 167.86303941010956
99 12 102.61578825892242
99 13 96.88137075826292
99 14 29.154759474226502
99 15 197.61831898890347
99 16 156.40012787718558
99 17 101.07917688624102
99 18 72.12489168102785
99 19 146.74126890551273
99 20 169.4018890095385
99 21 4.123105625617661
99 22 151.32745950421557
99 23 112.92918134831227
99 24 172.86121600868137
99 25 99.62429422585637
99 26 165.08482668010407
99 27 25.059928172283335
99 28 64.66065264130884
99 29 95.63472172804185
99 30 109.65856099730654
99 31 62.16912416947821
99 32 174.40183485273312
99 33 27.80287754891569
99 34 54.56189146281496
99 35 151.6377261765686
99 36 30.4138126514911
99 37 42.720018726587654
99 38 52.49761899362675
99 39 74.63243262818116
99 40 132.23085872821065
99 41 101.95096860746347
99 42 60.207972893961475
99 43 175.07141400011596
99 44 91.21951545584969
99 45 130.96946208945045
99 46 150.2131818450032
99 47 88.14193099768123
99 48 199.90497742677644
99 49 163.04907236779974
99 50 30.59411708155671
99 51 153.7172729396407
99 52 110.11357772772621
99 53 70.60453243241541
99 54 144.18044250174847
99 55 50.60632371551998
99 56 30.0
99 57 80.06247560499239
99 58 112.25862995778988
99 59 66.73080248281148
99 60 90.78546139112804
99 61 63.7808748764079
99 62 137.08391590555036
99 63 64.47480127925948
99 64 104.80935072788114
99 65 194.07730418572905
99 66 108.30050784737807
99 67 118.84864324004712
99 68 107.54068997360952
99 69 79.6994353806851
99 70 65.73431371817918
99 71 65.76473218982953
99 72 178.13758727455584
99 73 88.68483523128404
99 74 192.91708063310517
99 75 25.059928172283335
99 76 106.09901036296239
99 77 69.31089380465383
99 78 101.17806086301516
99 79 176.11927776367924
99 80 180.00277775634464
99 81 107.28000745712129
99 82 222.3803048833237
99 83 192.31484602078956
99 84 146.01369798755184
99 85 146.34206503941374
99 86 104.23531071570709
99 87 178.22738285684386
99 88 105.11898020814318
99 89 153.05554547287727
99 90 109.4440496326776
99 91 206.82843131445927
99 92 145.8800877433243
99 93 144.00347218036097
99 94 155.79473675320358
99 95 154.69324484281788
99 96 40.0
99 97 177.50492950901392
99 98 134.45073447177595
99 100 146.66969693839283
100 0 90.0222194794152
100 1 195.41238445912276
100 2 194.06442229321684
100 3 178.4432682955566
100 4 116.49892703368559
100 5 201.8142710513803
100 6 247.48737341529164
100 7 239.35329536064467
100 8 175.6843760839307
100 9 175.35392781457733
100 10 52.392747589718944
100 11 83.48652585896721
100 12 192.753728887407
100 13 51.24451190127583
100 14 174.79702514631077
100 15 72.56031973468694
100 16 135.05924625881784
100 17 48.46648326421054
100 18 77.31752712031083
100 19 49.72926703662542
100 20 87.5728268357257
100 21 150.56227947264878
100 22 249.64775184247102
100 23 42.485291572496
100 24 86.14522621712709
100 25 209.05740838343903
100 26 162.40997506310995
100 27 170.0
100 28 110.63905277974861
100 29 208.25465180878913
100 30 63.41135544995076
100 31 178.02527910383964
100 32 132.81566172707193
100 33 124.03628501370073
100 34 113.26517558367179
100 35 147.27525250360293
100 36 117.5457357797381
100 37 170.42593699317015
100 38 114.97825881443848
100 39 209.02152999152983
100 40 95.96353474106714
100 41 213.00234740490538
100 42 206.196508214858
100 43 30.364452901377952
100 44 182.15652609774924
100 45 88.75246475450696
100 46 193.75241933973368
100 47 83.40863264674707
100 48 117.10678887237921
100 49 163.1349134918703
100 50 117.71151175649729
100 51 136.2974687952788
100 52 195.5326059765992
100 53 204.07106605298068
100 54 73.348483283569
100 55 117.90250209389112
100 56 122.06555615733703
100 57 225.00222221124838
100 58 130.29965464267354
100 59 83.38465086573187
100 60 85.14693182963201
100 61 109.41663493271945
100 62 44.721359549995796
100 63 177.78920102188434
100 64 121.51131634543344
100 65 69.35416353759881
100 66 124.08464852672147
100 67 128.96898852049665
100 68 66.40030120413611
100 69 180.95303258028034
100 70 178.89941307897016
100 71 104.04326023342406
100 72 32.7566787083184
100 73 234.01922997907673
100 74 71.58910531638176
100 75 124.01612798341996
100 76 42.579337712087536
100 77 101.84301645179212
100 78 190.60167890131504
100 79 111.00450441310929
100 80 36.40054944640259
100 81 197.2232237846243
100 82 96.83491106000976
100 83 75.02666192761077
100 84 195.34584715319647
100 85 189.52572384771415
100 86 64.35060217278468
100 87 32.38826948140329
100 88 129.46814279968643
100 89 63.00793600809346
100 90 48.76474136094644
100 91 124.90796611905904
100 92 2.23606797749979
100 93 141.24092891226678
100 94 253.31403435261933
100 95 254.53094114468678
100 96 170.95028517086482
100 97 112.01785571952357
100 98 27.730849247724095
100 99 146.66969693839283
;

end;
